videoId,query,title,description,publishedAt,channelTitle,viewCount,likeCount,commentCount,duration,viewCount_norm,likeCount_norm,commentCount_norm,virality_score
O_fab1Me1Us,RHONairobi,The gloves are off | The Real Housewives of Nairobi | Showmax Original,"Getting into the ring with our #RHONairobi Housewives? Would definitely not recommend. These ladies throw shade 🥊🔥   #RHONairobi only on Showmax  https://shw.mx/3ExQ4rxWhich 

Subscribe to our YouTube channel: http://shw.mx/2xs8dFJ 

What is Showmax? 
Showmax is the new way to watch TV online. Get instant access to thousands of the best series, movies, kids’ shows and documentaries. All you need is the internet to watch Showmax on your phone, tablet, laptop or TV. You can even download to watch offline with the Showmax app on phones and tablets. 

Connect with Showmax Online: 
Visit our Website: http://shw.mx/2x8owYw 
Discover more on our Blog: http://shw.mx/2hd0PaT 
Like Showmax on Facebook: http://shw.mx/2xsDcl2 
Follow Showmax on Instagram: http://shw.mx/2xfr5Y5 
Follow Showmax on Twitter: http://shw.mx/2f5aFYl",2023-06-02T14:00:25Z,Showmax,172537,1535,307,PT12M7S,1.0,1.0,1.0,1.0
GZBo1cur_UU,RHONairobi,Launch Trailer | The Real Housewives of Nairobi | Showmax Original,"The wait is over: it's time to welcome The Real Housewives of Nairobi! Step into the lives of five influential and successful women as they navigate their lavish lifestyles, relationships and careers in Nairobi, Kenya. Expect luxe, style and drama for days. 

#RHONairobi stars Susan Kaittany, Vera Sidika, Sonal Maherali, Minne Kariuki and Lisa Christoffersen. 

Watch new episodes of The Real Housewives of Nairobi every Thursday, only on Showmax. https://shw.mx/3ExQ4rx

Subscribe to our YouTube channel: http://shw.mx/2xs8dFJ 

What is Showmax? 
Showmax is the new way to watch TV online. Get instant access to thousands of the best series, movies, kids’ shows and documentaries. All you need is the internet to watch Showmax on your phone, tablet, laptop or TV. You can even download to watch offline with the Showmax app on phones and tablets. 

Connect with Showmax Online: 
Visit our Website: http://shw.mx/2x8owYw 
Discover more on our Blog: http://shw.mx/2hd0PaT 
Like Showmax on Facebook: http://shw.mx/2xsDcl2 
Follow Showmax on Instagram: http://shw.mx/2xfr5Y5 
Follow Showmax on Twitter: http://shw.mx/2f5aFYl",2023-02-23T15:43:53Z,Showmax,97177,418,102,PT1M11S,0.5632241200438167,0.27231270358306187,0.3322475570032573,0.45584978147254407
aJb-iZbbAyY,RHONairobi,It’s time for Nairobi to shine! | The Real Housewives of Nairobi | Showmax Original,"Meet The Real Housewives of Nairobi, they are hardworking, affluent, influential, unapologetic, and are not ashamed to live large and live well because they have earned it.

The Real Housewives of Nairobi will follow five women - Sonal Maherali, Susan Kaittany, Vera Sidika, Minne Kariuki, and Lisa Christoffersen - as they navigate their lavish lifestyles, relationships and careers in Nairobi, Kenya.
The Real Housewives of Nairobi starts streaming 23 February, only on Showmax

.Subscribe to our YouTube channel: http://shw.mx/2xs8dFJ 

What is Showmax? 
Showmax is the new way to watch TV online. Get instant access to thousands of the best series, movies, kids’ shows and documentaries. All you need is the internet to watch Showmax on your phone, tablet, laptop or TV. You can even download to watch offline with the Showmax app on phones and tablets. 

Connect with Showmax Online: 
Visit our Website: http://shw.mx/2x8owYw 
Discover more on our Blog: http://shw.mx/2hd0PaT 
Like Showmax on Facebook: http://shw.mx/2xsDcl2 
Follow Showmax on Instagram: http://shw.mx/2xfr5Y5 
Follow Showmax on Twitter: http://shw.mx/2f5aFYl",2023-02-03T06:58:18Z,Showmax,57668,201,99,PT43S,0.3342355552722025,0.13094462540716612,0.32247557003257327,0.281648825019999
VasTNN8OGWA,RHONairobi,Meet Vera | The Real Housewives of Nairobi | Showmax Original,"Vera’s one of the most talked about celebrities in Kenya and she’s ready to keep the conversation going on The Real Housewives of Nairobi 🔥#RHONairobi starts 23 Feb, only on Showmax.

Subscribe to our YouTube channel: http://shw.mx/2xs8dFJ 

What is Showmax? 
Showmax is the new way to watch TV online. Get instant access to thousands of the best series, movies, kids’ shows and documentaries. All you need is the internet to watch Showmax on your phone, tablet, laptop or TV. You can even download to watch offline with the Showmax app on phones and tablets. 

Connect with Showmax Online: 
Visit our Website: http://shw.mx/2x8owYw 
Discover more on our Blog: http://shw.mx/2hd0PaT 
Like Showmax on Facebook: http://shw.mx/2xsDcl2 
Follow Showmax on Instagram: http://shw.mx/2xfr5Y5 
Follow Showmax on Twitter: http://shw.mx/2f5aFYl",2023-02-13T11:00:50Z,Showmax,38582,695,32,PT23S,0.223615804146357,0.4527687296416938,0.10423452768729642,0.2629968440513321
B8xDysURIro,RHONairobi,Zena fights Farah and Dr C | RHONairobi S2 | Showmax,"At what was meant to be a Pink Queens event, things worsened between Zena, Farah and Dr C. Watch the full episode of The Real Housewives of Nairobi on Showmax:  https://shw.mx/rhons2yt001

Subscribe to our YouTube channel: http://shw.mx/2xs8dFJ 

Connect with Showmax Online: 
Visit our Website: https://shw.mx/home-page-004
Discover more on Showmax Stories: http://shw.mx/2hd0PaT",2024-07-15T15:00:11Z,Showmax,45925,265,98,PT2M54S,0.26617479149399836,0.17263843648208468,0.31921824104234525,0.25074722017327195
UG0dWE2Vwhw,"""Real Housewives of Nairobi""","Classy, sassy and shade – The Real Housewives of Nairobi | S1 | EP 1 | Maisha Magic Plus","In the premiere episode of the Real Housewives of Nairobi we meet five dynamic women, Susan Kaittany, Vera Sidika, Sonal Maherali, Minne Kariuki and Lisa Christoffersen. Things take a dramatic turn at Susan event. Watch.

---
Official Website for more https://bit.ly/2URCLen
Watch more series and movies on Showmax, start your 14-day free trial here: https://bit.ly/3kSlah7
Download the DStv App and stream your favourite shows: https://bit.ly/3398n3O

Follow Maisha Magic Plus:
https://www.facebook.com/maishamagicplus
https://twitter.com/maishamagicplus
https://www.instagram.com/maishamagicplus_tv",2023-07-22T18:00:20Z,Maisha Magic Plus,56481,272,8,PT4M24S,0.32735587149423023,0.1771986970684039,0.026058631921824105,0.2446219919519127
b83F5UfCTM4,RHONairobi,It's their time | The Real Housewives of Nairobi S2 | Showmax Original,"The Nairobi queens are back on your screens with a juicier, spicier and more exciting season and three new faces. The Real Housewives of Nairobi S2 is now streaming, only on Showmax. #RHONairobi",2024-05-10T10:29:56Z,Showmax,45659,191,25,PT1M12S,0.2646330931916053,0.1244299674267101,0.08143322475570032,0.20210233148499573
MdaJEYDYv-g,RHONairobi,QUEENSDREAMS - REAL HOUSEWIVES OF NAIROBI AUDITION TAPE 2018 - #RHONAIROBI #RHOKAMPALA #RHODAR,"COMING SOON TO A SCREEN NEAR YOU

Kindly Watch in 1080p. This was shot guerilla-style in the beginning stages of conceptualizing and auditions for this concept in September 2017.

We apologize for the sound quality of this video.
Shot on Canon 70d
Sound on Canon 70d

A Director In Heels Production

Creator & Executive Producer
Claire Ash Meadow

Make Up 
Phoina Beauty
Willy Collins

Hair & Interview Location provided by
Lily Hairline

Dresses provided by
All Divas Weddings (Sonal)
La Elegant Kenya (Catherine)
 
Camera Operator, Sound, Graphics & Edit
Claire Ash Meadow

© DIRECTOR IN HEELS PRODUCTIONS ©",2019-05-19T10:22:11Z,Director In Heels Productions,38604,242,0,PT3M58S,0.22374331302850983,0.15765472312703582,0.0,0.17365966859886484
gbgOjTXSnLU,RHONairobi,Your favourite queens plus 3 new faces | The Real Housewives of Nairobi S2 | Showmax Original,"After a groundbreaking premiere season, our favourite Nairobi queens are back to set the timeline ablaze, with three new faces joining the highly anticipated second season. The Real Housewives of Nairobi S2 premieres on 10 May, only on Showmax. #RHONairobi

Subscribe to our YouTube channel: http://shw.mx/2xs8dFJ 

Connect with Showmax Online: 
Visit our Website: https://shw.mx/home-page-004
Discover more on Showmax Stories: http://shw.mx/2hd0PaT",2024-04-16T07:15:57Z,Showmax,33507,127,51,PT1M4S,0.19420182337701478,0.08273615635179153,0.16612377850162866,0.16212369988940104
T1TOrc242Es,"""Real Housewives Nairobi""",Minne and Vera discuss Susan | The Real Housewives of Nairobi  | Exclusive to Showmax | #shorts,"What do Minne and Vera REALLY think about the Posh Queen, Susan? Time to find out as they spill their thoughts on the latest episode of #RHONairobi.

Watch new episodes of The Real Housewives of Nairobi every Thursday, only on Showmax. https://shw.mx/3ExQ4rx
 
Subscribe to our YouTube channel: http://shw.mx/2xs8dFJ 

What is Showmax? 
Showmax is the new way to watch TV online. Get instant access to thousands of the best series, movies, kids’ shows and documentaries. All you need is the internet to watch Showmax on your phone, tablet, laptop or TV. You can even download to watch offline with the Showmax app on phones and tablets. 

Connect with Showmax Online: 
Visit our Website: http://shw.mx/2x8owYw 
Discover more on our Blog: http://shw.mx/2hd0PaT 
Like Showmax on Facebook: http://shw.mx/2xsDcl2 
Follow Showmax on Instagram: http://shw.mx/2xfr5Y5 
Follow Showmax on Twitter: http://shw.mx/2f5aFYl",2023-03-14T10:05:30Z,Showmax,22768,433,13,PT1M,0.13196010131160274,0.2820846905537459,0.04234527687296417,0.15604902495634274
27Na_NS1OYw,"""Real Housewives of Nairobi""",'The Real Housewives of Nairobi' cast speaks about the show on #theTrend,"Subscribe to NTV Kenya channel for latest Kenyan news today and everyday. Get the Kenya news updates, discussions and other exciting shows.  

Website: ntv.nation.co.ke || Paper: Daily Nation || Twitter: @ntvkenya || Facebook: NTV Kenya || Instagram: NTV Kenya",2023-02-24T20:54:28Z,NTV Kenya,27826,158,40,PT37M25S,0.16127555249019052,0.10293159609120521,0.13029315960912052,0.1420422044582837
IhP4hHBlgmU,"""Real Housewives of Nairobi""",Never-before-seen moments | The Real Housewives of Nairobi | Showmax Original,"One thing about our queens? They are exclusive but believe in sharing. So here we are, sharing all these never-before-seen moments that you love to see, courtesy of #RHONairobi Housewives. Watch episodes of The Real Housewives of Nairobi only on Showmax. https://shw.mx/3ExQ4rx

Subscribe to our YouTube channel: http://shw.mx/2xs8dFJ 

What is Showmax? 
Showmax is the new way to watch TV online. Get instant access to thousands of the best series, movies, kids’ shows and documentaries. All you need is the internet to watch Showmax on your phone, tablet, laptop or TV. You can even download to watch offline with the Showmax app on phones and tablets. 

Connect with Showmax Online: 
Visit our Website: http://shw.mx/2x8owYw 
Discover more on our Blog: http://shw.mx/2hd0PaT 
Like Showmax on Facebook: http://shw.mx/2xsDcl2 
Follow Showmax on Instagram: http://shw.mx/2xfr5Y5 
Follow Showmax on Twitter: http://shw.mx/2f5aFYl",2023-05-19T08:31:07Z,Showmax,31156,151,9,PT3M41S,0.18057576056150276,0.098371335504886,0.029315960912052116,0.13733568434993096
QTkd10WpKo8,"""Real Housewives of Nairobi""",Vera Sidika is ready to reinvent herself | The Real Housewives of Nairobi S2 | Showmax Original,"Vera Sidika talks about reinventing herself for the second season of The Real Housewives of Nairobi, motherhood, her close friendship with Minne and more. Catch a new episode of #RHONairobi S2 every Friday, exclusively on Showmax: https://shw.mx/rhons2yt001

Subscribe to our YouTube channel: http://shw.mx/2xs8dFJ 

Connect with Showmax Online: 
Visit our Website: https://shw.mx/home-page-004
Discover more on Showmax Stories: http://shw.mx/2hd0PaT",2024-07-15T14:00:23Z,Showmax,27339,164,10,PT3M46S,0.1584529695079896,0.10684039087947883,0.03257328990228013,0.12666787291000547
9k4Vbq8dK1o,"""Real Housewives of Nairobi""",Game scene with the ladies | The Real Housewives of Nairobi | Showmax Original,"One thing about these ladies? They will always have a bit of sass and that's why this game will have us in stitches. We just love them! #RHONairobi 

Watch new episodes of The Real Housewives of Nairobi every Thursday, only on Showmax. https://shw.mx/3ExQ4rx

Subscribe to our YouTube channel: http://shw.mx/2xs8dFJ 

What is Showmax? 
Showmax is the new way to watch TV online. Get instant access to thousands of the best series, movies, kids’ shows and documentaries. All you need is the internet to watch Showmax on your phone, tablet, laptop or TV. You can even download to watch offline with the Showmax app on phones and tablets. 

Connect with Showmax Online: 
Visit our Website: http://shw.mx/2x8owYw 
Discover more on our Blog: http://shw.mx/2hd0PaT 
Like Showmax on Facebook: http://shw.mx/2xsDcl2 
Follow Showmax on Instagram: http://shw.mx/2xfr5Y5 
Follow Showmax on Twitter: http://shw.mx/2f5aFYl",2023-04-24T12:00:10Z,Showmax,24839,172,9,PT4M16S,0.14396332380880622,0.11205211726384365,0.029315960912052116,0.11878841773805246
S4LNC4_Yhsk,RHONairobi,Reunion Trailer | Real Housewives Of Nairobi | Showmax Original,"The entire season was giving but the moment of truth lies in the reunion👏 #RHONairobi reunion coming soon: https://shw.mx/3ExQ4rx

Subscribe to our YouTube channel: http://shw.mx/2xs8dFJ 

What is Showmax? 
Showmax is the new way to watch TV online. Get instant access to thousands of the best series, movies, kids’ shows and documentaries. All you need is the internet to watch Showmax on your phone, tablet, laptop or TV. You can even download to watch offline with the Showmax app on phones and tablets. 

Connect with Showmax Online: 
Visit our Website: http://shw.mx/2x8owYw 
Discover more on our Blog: http://shw.mx/2hd0PaT 
Like Showmax on Facebook: http://shw.mx/2xsDcl2 
Follow Showmax on Instagram: http://shw.mx/2xfr5Y5 
Follow Showmax on Twitter: http://shw.mx/2f5aFYl",2023-05-30T07:59:23Z,Showmax,24431,92,37,PT1M6S,0.1415986136306995,0.05993485342019544,0.12052117263843648,0.11802105742923402
gOKlNIOp6T0,RHONairobi,Opening Title Sequence | The Real Housewives of Nairobi | Showmax Original,"We love an Opening Title Sequence moment! See how The Real Housewives of Nairobi sum up themselves from referencing queen energy to Lisa having her tagline spell out her name. We love the glitz, glam and levels served here. 

#RHONairobi stars Susan Kaittany, Vera Sidika, Sonal Maherali, Minne Kariuki and Lisa Christoffersen. 

Watch new episodes of The Real Housewives of Nairobi every Thursday, only on Showmax. 

Subscribe to our YouTube channel: http://shw.mx/2xs8dFJ 

What is Showmax? 
Showmax is the new way to watch TV online. Get instant access to thousands of the best series, movies, kids’ shows and documentaries. All you need is the internet to watch Showmax on your phone, tablet, laptop or TV. You can even download to watch offline with the Showmax app on phones and tablets. 

Connect with Showmax Online: 
Visit our Website: http://shw.mx/2x8owYw 
Discover more on our Blog: http://shw.mx/2hd0PaT 
Like Showmax on Facebook: http://shw.mx/2xsDcl2 
Follow Showmax on Instagram: http://shw.mx/2xfr5Y5 
Follow Showmax on Twitter: http://shw.mx/2f5aFYl",2023-02-25T08:30:17Z,Showmax,21957,93,47,PT59S,0.12725966024678764,0.06058631921824104,0.15309446254071662,0.11446654533374034
wPl7_0HMa6Y,RHONairobi reunion,Reunion Part 2 | The Real Housewives of Nairobi | Showmax Original,"You thought Part 1 was hectic? 👀 You have not seen anything! 🔥 Catch Part 2 of #RHONairobiReunion only on Showmax! https://shw.mx/3ExQ4rx

Subscribe to our YouTube channel: http://shw.mx/2xs8dFJ 

What is Showmax? 
Showmax is the new way to watch TV online. Get instant access to thousands of the best series, movies, kids’ shows and documentaries. All you need is the internet to watch Showmax on your phone, tablet, laptop or TV. You can even download to watch offline with the Showmax app on phones and tablets. 

Connect with Showmax Online: 
Visit our Website: http://shw.mx/2x8owYw 
Discover more on our Blog: http://shw.mx/2hd0PaT 
Like Showmax on Facebook: http://shw.mx/2xsDcl2 
Follow Showmax on Instagram: http://shw.mx/2xfr5Y5 
Follow Showmax on Twitter: http://shw.mx/2f5aFYl",2023-06-08T15:00:44Z,Showmax,26064,68,14,PT56S,0.15106325020140607,0.04429967426710098,0.04560260586319218,0.1085532595670977
vGh7LznH_28,RHONairobi,Dr Catherine has arrived | The Real Housewives of Nairobi | Only on Showmax,"Dr C has made her arrival as the sixth and final Housewife! See how she'll be part of Minne's 10-year celebration in the latest epiosde of #RHONairobi. 

Watch new episodes of The Real Housewives of Nairobi every Thursday, only on Showmax. https://shw.mx/3ExQ4rx


Subscribe to our YouTube channel: http://shw.mx/2xs8dFJ 

What is Showmax? 
Showmax is the new way to watch TV online. Get instant access to thousands of the best series, movies, kids’ shows and documentaries. All you need is the internet to watch Showmax on your phone, tablet, laptop or TV. You can even download to watch offline with the Showmax app on phones and tablets. 

Connect with Showmax Online: 
Visit our Website: http://shw.mx/2x8owYw 
Discover more on our Blog: http://shw.mx/2hd0PaT 
Like Showmax on Facebook: http://shw.mx/2xsDcl2 
Follow Showmax on Instagram: http://shw.mx/2xfr5Y5 
Follow Showmax on Twitter: http://shw.mx/2f5aFYl",2023-03-27T11:17:18Z,Showmax,14619,286,2,PT47S,0.08472965219054464,0.18631921824104233,0.006514657980456026,0.09839479457165577
BXc3Lm7j7hg,RHONairobi reunion,Meet Lisa | The Real Housewives of Nairobi | Showmax Original,"Lisa is a motorsport enthusiast and the peacemaker of The Real Housewives of Nairobi 🥰 Watch her in #RHONairobi from 23 Feb, only on Showmax

Subscribe to our YouTube channel: http://shw.mx/2xs8dFJ 

What is Showmax? 
Showmax is the new way to watch TV online. Get instant access to thousands of the best series, movies, kids’ shows and documentaries. All you need is the internet to watch Showmax on your phone, tablet, laptop or TV. You can even download to watch offline with the Showmax app on phones and tablets. 

Connect with Showmax Online: 
Visit our Website: http://shw.mx/2x8owYw 
Discover more on our Blog: http://shw.mx/2hd0PaT 
Like Showmax on Facebook: http://shw.mx/2xsDcl2 
Follow Showmax on Instagram: http://shw.mx/2xfr5Y5 
Follow Showmax on Twitter: http://shw.mx/2f5aFYl",2023-02-21T11:01:33Z,Showmax,12848,151,0,PT25S,0.07446518717724314,0.098371335504886,0.0,0.06927194618256738
EdppWLAjbcE,"""Real Housewives of Nairobi""",Things get heated with Sonal and Vera | The Real Housewives of Nairobi | Showmax Original,"Things get heated between Sonal and Vera in this week's episode of The Real Housewives of Nairobi. What will happen between them as things escalate? 

#RHONairobi stars Susan Kaittany, Vera Sidika, Sonal Maherali, Minne Kariuki, Lisa Christoffersen and Dr Catherine Masitsa.

Watch new episodes of The Real Housewives of Nairobi every Thursday, only on Showmax. https://shw.mx/3ExQ4rx
Subscribe to our YouTube channel: http://shw.mx/2xs8dFJ 

What is Showmax? 
Showmax is the new way to watch TV online. Get instant access to thousands of the best series, movies, kids’ shows and documentaries. All you need is the internet to watch Showmax on your phone, tablet, laptop or TV. You can even download to watch offline with the Showmax app on phones and tablets. 

Connect with Showmax Online: 
Visit our Website: http://shw.mx/2x8owYw 
Discover more on our Blog: http://shw.mx/2hd0PaT 
Like Showmax on Facebook: http://shw.mx/2xsDcl2 
Follow Showmax on Instagram: http://shw.mx/2xfr5Y5 
Follow Showmax on Twitter: http://shw.mx/2f5aFYl",2023-03-30T12:19:01Z,Showmax,16273,50,7,PT46S,0.09431600178512435,0.03257328990228013,0.02280130293159609,0.06815311898638406
n8E8aSH5eck,RHONairobi,Susan and Sonal gold tea | The Real Housewives of Nairobi | Showmax Original,"Did someone say glamorous? 💅 Susan and Sonal took the word hangout to the next level 💎 #rhonairobi 

Watch new episodes of The Real Housewives of Nairobi every Thursday, only on Showmax. https://shw.mx/3ExQ4rx

Subscribe to our YouTube channel: http://shw.mx/2xs8dFJ 

What is Showmax? 
Showmax is the new way to watch TV online. Get instant access to thousands of the best series, movies, kids’ shows and documentaries. All you need is the internet to watch Showmax on your phone, tablet, laptop or TV. You can even download to watch offline with the Showmax app on phones and tablets. 

Connect with Showmax Online: 
Visit our Website: http://shw.mx/2x8owYw 
Discover more on our Blog: http://shw.mx/2hd0PaT 
Like Showmax on Facebook: http://shw.mx/2xsDcl2 
Follow Showmax on Instagram: http://shw.mx/2xfr5Y5 
Follow Showmax on Twitter: http://shw.mx/2f5aFYl",2023-04-25T10:01:30Z,Showmax,10508,176,6,PT37S,0.060902878802807515,0.11465798045602606,0.019543973941368076,0.06813781848689622
i2tzpQCB2z0,RHONairobi,The reunion – The Real Housewives of Nairobi | S1 | EP 13 | Maisha Magic Plus,"Fareed Khimani has a sit down with the six housewives to rehash the drama of the season.
---
Official Website for more https://bit.ly/2URCLen
Watch more series and movies on Showmax, start your 14-day free trial here: https://bit.ly/3kSlah7
Download the DStv App and stream your favourite shows: https://bit.ly/3398n3O

Follow Maisha Magic Plus:
https://www.facebook.com/maishamagicplus
https://twitter.com/maishamagicplus
https://www.instagram.com/maishamagicplus_tv",2023-10-14T18:00:24Z,Maisha Magic Plus,16572,64,0,PT1M40S,0.09604896341074667,0.04169381107491857,0.0,0.06805283081517764
QbGvgLp_eYI,RHONairobi trailer,The Real Housewives of Nairobi S2: Reunion Part 1 trailer | RHON | Showmax,"Just when you think things will not get wesser, in come the ladies of #RHON S2 spilling more secrets and leaving our jaws dropped. Catch part 1 of the reunion from Friday, 16 August on Showmax.

Subscribe to our YouTube channel: http://shw.mx/2xs8dFJ 

Connect with Showmax Online: 
Visit our Website: https://shw.mx/home-page-004
Discover more on Showmax Stories: http://shw.mx/2hd0PaT",2024-08-14T10:33:01Z,Showmax,13327,57,22,PT1M8S,0.07724140329320668,0.03713355048859935,0.07166123778501629,0.06637741526582629
gkySV4qfw84,RHONairobi reunion,Meet Susan | The Real Housewives of Nairobi | Showmax Original #shorts,"If fabulous was a person it would be Susan with her Posh Queen vibes 🤩✨ Watch her on #RHONairobi from 23 Feb, only on Showmax

Subscribe to our YouTube channel: http://shw.mx/2xs8dFJ 

What is Showmax? 
Showmax is the new way to watch TV online. Get instant access to thousands of the best series, movies, kids’ shows and documentaries. All you need is the internet to watch Showmax on your phone, tablet, laptop or TV. You can even download to watch offline with the Showmax app on phones and tablets. 

Connect with Showmax Online: 
Visit our Website: http://shw.mx/2x8owYw 
Discover more on our Blog: http://shw.mx/2hd0PaT 
Like Showmax on Facebook: http://shw.mx/2xsDcl2 
Follow Showmax on Instagram: http://shw.mx/2xfr5Y5 
Follow Showmax on Twitter: http://shw.mx/2f5aFYl",2023-02-20T11:00:12Z,Showmax,10943,150,6,PT17S,0.06342407715446542,0.09771986970684039,0.019543973941368076,0.06541600981059456
sqqE8PbzQ88,RHONairobi episode,REAL HOUSEWIVES OF NAIROBI | EP 2 LETS GET DIRTY,"REAL HOUSEWIVES OF NAIROBI | EP 2 LETS GET DIRTY

EPISODE 1 OF RHONAIROBI: https://www.youtube.com/watch?v=_yavj6gd_YA&t=6s
EPISODE 2 OF RHONAIROBI: https://www.youtube.com/watch?v=sqqE8PbzQ88&t=264s
EPISODE 3 OF RHONAIROBI: https://www.youtube.com/watch?v=8hXTcx5ULEc&t=1s
EPISODE 4 OF RHONAIROBI: https://www.youtube.com/watch?v=rZkfinzUxDc",2023-03-02T20:27:29Z,Adaobi Nnoli,14118,64,12,PT14M38S,0.08182592719242829,0.04169381107491857,0.03908794788273615,0.06538220126659704
9NL4X3zIuKc,RHONairobi,Meet Zena Nyambu | The Real Housewives of Nairobi S2 | Showmax Original,"Beauty and aesthetics entrepreneur Zena Nyambu is one of the new queens joining #RHONairobi S2. Stream the new season from 10 May, only on Showmax.",2024-04-24T12:44:01Z,Showmax,11522,144,2,PT23S,0.06677987909839629,0.09381107491856677,0.006514657980456026,0.06449789488574788
sd5qRQcQW0o,RHONairobi,Susan Arrives in Style | The Real Housewives of Nairobi | Showmax Original,"Talk about an entrance! Susan shows us why she's the Posh Queen with her chopper arrival to her event on #RHONairobi 😍

Watch new episodes of The Real Housewives of Nairobi every Thursday, only on Showmax. https://shw.mx/3ExQ4rx

Subscribe to our YouTube channel: http://shw.mx/2xs8dFJ 

What is Showmax? 
Showmax is the new way to watch TV online. Get instant access to thousands of the best series, movies, kids’ shows and documentaries. All you need is the internet to watch Showmax on your phone, tablet, laptop or TV. You can even download to watch offline with the Showmax app on phones and tablets. 

Connect with Showmax Online: 
Visit our Website: http://shw.mx/2x8owYw 
Discover more on our Blog: http://shw.mx/2hd0PaT 
Like Showmax on Facebook: http://shw.mx/2xsDcl2 
Follow Showmax on Instagram: http://shw.mx/2xfr5Y5 
Follow Showmax on Twitter: http://shw.mx/2f5aFYl",2023-02-27T13:30:19Z,Showmax,10346,170,1,PT35S,0.059963949761500435,0.11074918566775244,0.003257328990228013,0.06415426562237259
RkVrDquKEcM,RHONairobi trailer,Sonal Speaks to Dr Maria | The Real Housewives of Nairobi | Showmax Original | #Shorts,"Sonal explains that a public insult needs a public apology for Vera to accept it 🙆🏽‍♀️ #RHONairobi

Watch new episodes of The Real Housewives of Nairobi every Thursday, only on Showmax. https://shw.mx/3ExQ4rx

Subscribe to our YouTube channel: http://shw.mx/2xs8dFJ 

What is Showmax? 
Showmax is the new way to watch TV online. Get instant access to thousands of the best series, movies, kids’ shows and documentaries. All you need is the internet to watch Showmax on your phone, tablet, laptop or TV. You can even download to watch offline with the Showmax app on phones and tablets. 

Connect with Showmax Online: 
Visit our Website: http://shw.mx/2x8owYw 
Discover more on our Blog: http://shw.mx/2hd0PaT 
Like Showmax on Facebook: http://shw.mx/2xsDcl2 
Follow Showmax on Instagram: http://shw.mx/2xfr5Y5 
Follow Showmax on Twitter: http://shw.mx/2f5aFYl",2023-03-06T10:21:53Z,Showmax,10444,150,4,PT40S,0.06053194387290842,0.09771986970684039,0.013029315960912053,0.06270353114459196
u2gztAzsYNY,"""Real Housewives of Nairobi""",THE REAL HOUSEWIVES OF NAIROBI | VERA & SONAL F!GHT REAL D!IRTY | MINNE & SUSAN FINALLY RECONCILE,"THE REAL HOUSEWIVES OF NAIROBI | VERA & SONAL F!GHT REAL D!IRTY | MINNE & SUSAN FINALLY RECONCILE

#rhonairobi
#realhousewivesofnairobi",2023-03-30T22:38:26Z,Adaobi Nnoli,11534,55,27,PT26M42S,0.06684942939775236,0.035830618892508145,0.08794788273615635,0.06225949477220191
ZWnUcLAXeLo,"""Real Housewives of Nairobi""",Hot and steamy – The Real Housewives of Nairobi | S1 | EP 7 | Maisha Magic Plus,"Vera hosts the ladies for a Swahili night and later the ladies go lingerie shopping without Vera.
---
Official Website for more https://bit.ly/2URCLen
Watch more series and movies on Showmax, start your 14-day free trial here: https://bit.ly/3kSlah7
Download the DStv App and stream your favourite shows: https://bit.ly/3398n3O

Follow Maisha Magic Plus:
https://www.facebook.com/maishamagicplus
https://twitter.com/maishamagicplus
https://www.instagram.com/maishamagicplus_tv",2023-09-02T18:00:25Z,Maisha Magic Plus,14096,39,0,PT1M43S,0.08169841831027548,0.025407166123778503,0.0,0.055370842517109914
ClKikc8SBsI,"""Real Housewives of Nairobi""",Sonal's declutter dinner brings drama | The Real Housewives of Nairobi | Showmax Original,"This week Sonal's ready to let go and bring good energy with a declutter-themed dinner party. However, the dinner brings more than just the ladies together when things get heated between Minne and Susan. Also find out if Vera eventually gets that much-talked-about apology from Dr Maria. 

#RHONairobi stars Susan Kaittany, Vera Sidika, Sonal Maherali, Minne Kariuki and Lisa Christoffersen. 

Watch new episodes of The Real Housewives of Nairobi every Thursday, only on Showmax. https://shw.mx/3ExQ4rx

Subscribe to our YouTube channel: http://shw.mx/2xs8dFJ 

What is Showmax? 
Showmax is the new way to watch TV online. Get instant access to thousands of the best series, movies, kids’ shows and documentaries. All you need is the internet to watch Showmax on your phone, tablet, laptop or TV. You can even download to watch offline with the Showmax app on phones and tablets. 

Connect with Showmax Online: 
Visit our Website: http://shw.mx/2x8owYw 
Discover more on our Blog: http://shw.mx/2hd0PaT 
Like Showmax on Facebook: http://shw.mx/2xsDcl2 
Follow Showmax on Instagram: http://shw.mx/2xfr5Y5 
Follow Showmax on Twitter: http://shw.mx/2f5aFYl",2023-03-09T08:49:42Z,Showmax,10869,58,15,PT53S,0.06299518364176959,0.03778501628664495,0.048859934853420196,0.05457235448473602
E51ofvzICI4,"""Real Housewives of Nairobi""",Meet the Kids and Spouses of the Rich Housewives of Nairobi.,"Have a look at the Kids and Spouses of the Real Housewives of Nairobi.

Thanks for Watching and Subscribe to the channel for more entertaining videos; https://www.youtube.com/@whatspoppingke",2023-03-06T14:04:53Z,Whats Popping Ke,13324,45,1,PT2M54S,0.07722401571836765,0.029315960912052116,0.003257328990228013,0.05415199900756782
chgwOMSAqR4,Real Housewives of Nairobi Showmax,Vera's baby gender reveal | The Real Housewives of Nairobi | Showmax Original,"This week on The Real Housewives of Nairobi, Vera Sidika reveals the gender of her second child and has a cute pregnancy shoot. Things get heated between Minne and Vera after the blow-up at Sonal's declutter party. 

#RHONairobi stars Susan Kaittany, Vera Sidika, Sonal Maherali, Minne Kariuki and Lisa Christoffersen. 

Watch new episodes of The Real Housewives of Nairobi every Thursday, only on Showmax. https://shw.mx/3ExQ4rx


Subscribe to our YouTube channel: http://shw.mx/2xs8dFJ 

What is Showmax? 
Showmax is the new way to watch TV online. Get instant access to thousands of the best series, movies, kids’ shows and documentaries. All you need is the internet to watch Showmax on your phone, tablet, laptop or TV. You can even download to watch offline with the Showmax app on phones and tablets. 

Connect with Showmax Online: 
Visit our Website: http://shw.mx/2x8owYw 
Discover more on our Blog: http://shw.mx/2hd0PaT 
Like Showmax on Facebook: http://shw.mx/2xsDcl2 
Follow Showmax on Instagram: http://shw.mx/2xfr5Y5 
Follow Showmax on Twitter: http://shw.mx/2f5aFYl",2023-03-16T10:14:39Z,Showmax,11939,53,7,PT57S,0.06919675200102007,0.03452768729641694,0.02280130293159609,0.05357016846445569
3bN7X2OKjSg,RHONairobi trailer,Lisa's Rally Adventure | The Real Housewives of Nairobi | Showmax Original,"This week on The Real Housewive of Nairobi, Lisa takes the ladies on a rally adventure! She takes each around the track and uses the time to talk about what happened at Susan's event, see if things can be mended and use the team to get to know each other more with a game of Never Have I Ever. 

#RHONairobi stars Susan Kaittany, Vera Sidika, Sonal Maherali, Minne Kariuki and Lisa Christoffersen. 

Watch new episodes of The Real Housewives of Nairobi every Thursday, only on Showmax. https://shw.mx/3ExQ4rx

Subscribe to our YouTube channel: http://shw.mx/2xs8dFJ 

What is Showmax? 
Showmax is the new way to watch TV online. Get instant access to thousands of the best series, movies, kids’ shows and documentaries. All you need is the internet to watch Showmax on your phone, tablet, laptop or TV. You can even download to watch offline with the Showmax app on phones and tablets. 

Connect with Showmax Online: 
Visit our Website: http://shw.mx/2x8owYw 
Discover more on our Blog: http://shw.mx/2hd0PaT 
Like Showmax on Facebook: http://shw.mx/2xsDcl2 
Follow Showmax on Instagram: http://shw.mx/2xfr5Y5 
Follow Showmax on Twitter: http://shw.mx/2f5aFYl",2023-03-02T10:32:35Z,Showmax,12575,23,3,PT48S,0.07288291786689231,0.01498371335504886,0.009771986970684038,0.048941477104500204
oNWnasNwY9s,Real Housewives of Nairobi Showmax,Catching with Dr Catherine Masitsa (Dr C) | The Real Housewives of Nairobi S2 | Showmax Original,"The Queen Mother Dr Catherine Masitsa aka Dr C talks about what it means to come back to The Real Housewives of Nairobi for Season 2, how S1 boosted her wine business and much more. Catch a new episode of #RHONairobi S2 every Friday, exclusively on Showmax: https://shw.mx/rhons2yt001

Subscribe to our YouTube channel: http://shw.mx/2xs8dFJ 

Connect with Showmax Online: 
Visit our Website: https://shw.mx/home-page-004
Discover more on Showmax Stories: http://shw.mx/2hd0PaT",2024-07-16T12:00:54Z,Showmax,7833,55,26,PT3M14S,0.04539895790468131,0.035830618892508145,0.08469055374592833,0.04890061252782507
axDF2No1Pz4,"""Real Housewives of Nairobi""",Catching up with the Minne | The Real Housewives of Nairobi S2 | Showmax Original,"The Queen of Shade Minne Kariuki talks about filming the second season of The Real Housewives of Nairobi while pregnant, her husband being her gossip partner and so much more. Catch a new episode of #RHONairobi S2 every Friday, exclusively on Showmax: 

Subscribe to our YouTube channel: http://shw.mx/2xs8dFJ 

Connect with Showmax Online: 
Visit our Website: https://shw.mx/home-page-004
Discover more on Showmax Stories: http://shw.mx/2hd0PaT",2024-07-17T08:20:46Z,Showmax,9831,51,9,PT2M45S,0.05697908274746866,0.03322475570032573,0.029315960912052116,0.04689103271037044
11tNlL8Wq5Q,"""Real Housewives of Nairobi""","“Are you on Wikipedia?"" – The Real Housewives of Nairobi | S1 | EP 6 | Maisha Magic Plus","Vera lashes out at Sonal and ends up calling her a ‘punda’. The confrontation gets so heated that it leaves the rest of the housemates shocked.
---
Official Website for more https://bit.ly/2URCLen
Watch more series and movies on Showmax, start your 14-day free trial here: https://bit.ly/3kSlah7
Download the DStv App and stream your favourite shows: https://bit.ly/3398n3O

Follow Maisha Magic Plus:
https://www.facebook.com/maishamagicplus
https://twitter.com/maishamagicplus
https://www.instagram.com/maishamagicplus_tv",2023-08-26T18:00:00Z,Maisha Magic Plus,10760,36,6,PT1M28S,0.0623634350892852,0.023452768729641693,0.019543973941368076,0.04621284932718675
5OK1Rz8_ND8,"""Real Housewives of Nairobi""",Season Finale | The Real Housewives of Nairobi | Showmax Original,"The ladies sure know how to close off the season with a bang 🔥🙌 Catch the final episode of #RHON now streaming on Showmax ❤ . 

Watch new episodes of The Real Housewives of Nairobi every Thursday, only on Showmax. https://shw.mx/3ExQ4rx


Subscribe to our YouTube channel: http://shw.mx/2xs8dFJ 

What is Showmax? 
Showmax is the new way to watch TV online. Get instant access to thousands of the best series, movies, kids’ shows and documentaries. All you need is the internet to watch Showmax on your phone, tablet, laptop or TV. You can even download to watch offline with the Showmax app on phones and tablets. 

Connect with Showmax Online: 
Visit our Website: http://shw.mx/2x8owYw 
Discover more on our Blog: http://shw.mx/2hd0PaT 
Like Showmax on Facebook: http://shw.mx/2xsDcl2 
Follow Showmax on Instagram: http://shw.mx/2xfr5Y5 
Follow Showmax on Twitter: http://shw.mx/2f5aFYl",2023-05-11T10:40:12Z,Showmax,9769,43,8,PT55S,0.05661973953412891,0.028013029315960912,0.026058631921824105,0.04488389583774119
1gtkio3qewg,"""Real Housewives of Nairobi""",Susan's 40th Birthday Trip | Real Housewives Of Nairobi | Showmax original,"If you don't have drinks, dancing, and drama, are you even on holiday? 😅 Catch all this and more on the new episode of #rhonairobi 

Watch new episodes of The Real Housewives of Nairobi every Thursday, only on Showmax. https://shw.mx/3ExQ4rx

Subscribe to our YouTube channel: http://shw.mx/2xs8dFJ 

What is Showmax? 
Showmax is the new way to watch TV online. Get instant access to thousands of the best series, movies, kids’ shows and documentaries. All you need is the internet to watch Showmax on your phone, tablet, laptop or TV. You can even download to watch offline with the Showmax app on phones and tablets. 

Connect with Showmax Online: 
Visit our Website: http://shw.mx/2x8owYw 
Discover more on our Blog: http://shw.mx/2hd0PaT 
Like Showmax on Facebook: http://shw.mx/2xsDcl2 
Follow Showmax on Instagram: http://shw.mx/2xfr5Y5 
Follow Showmax on Twitter: http://shw.mx/2f5aFYl",2023-04-27T08:11:36Z,Showmax,10899,21,7,PT1M,0.06316905939015979,0.013680781758957655,0.02280130293159609,0.0447418265135747
8-LXvd668ZE,RHONairobi,RHONairobi!!! Only on @showmax February 23rd! Simba GENERALI 🦁🍾💯,,2023-02-15T12:55:51Z,Sonal Maherali,4257,128,16,PT22S,0.02467296869656943,0.08338762214983714,0.05211726384364821,0.04346827633194818
Vd26VzhUm3M,RHONairobi trailer,Susan and Minne's drama | The Real Housewives of Nairobi | Showmax Original,"Minne said it's not about you, Lisa, It's Susan's Day! ✋ New episode of #RHONairobi now streaming. 

Watch new episodes of The Real Housewives of Nairobi every Thursday, only on Showmax. https://shw.mx/3ExQ4rx

Subscribe to our YouTube channel: http://shw.mx/2xs8dFJ 

What is Showmax? 
Showmax is the new way to watch TV online. Get instant access to thousands of the best series, movies, kids’ shows and documentaries. All you need is the internet to watch Showmax on your phone, tablet, laptop or TV. You can even download to watch offline with the Showmax app on phones and tablets. 

Connect with Showmax Online: 
Visit our Website: http://shw.mx/2x8owYw 
Discover more on our Blog: http://shw.mx/2hd0PaT 
Like Showmax on Facebook: http://shw.mx/2xsDcl2 
Follow Showmax on Instagram: http://shw.mx/2xfr5Y5 
Follow Showmax on Twitter: http://shw.mx/2f5aFYl",2023-05-04T10:56:56Z,Showmax,9614,34,8,PT57S,0.05572138150077954,0.02214983713355049,0.026058631921824105,0.04287908297212896
kNfGp-nHRTI,RHONairobi,Zena's journey as a new Housewife | The Real Housewives of Nairobi S2 | Showmax Original,"Beauty and aesthetics entrepreneur Zena Nyambu talks about joining Season 2 of The Real Housewives of Nairobi and her experience through it all. Catch a new episode of #RHONairobi S2 every Friday, exclusively on Showmax.

Subscribe to our YouTube channel: http://shw.mx/2xs8dFJ 

Connect with Showmax Online: 
Visit our Website: https://shw.mx/home-page-004
Discover more on Showmax Stories: http://shw.mx/2hd0PaT",2024-07-19T13:00:46Z,Showmax,7754,39,14,PT4M,0.04494108510058712,0.025407166123778503,0.04560260586319218,0.04015683347077572
9HQbw0q_0Cw,RHONairobi,Minne and Dr C | Real Housewives Of Nairobi | Showmax Original,"Friends who empower each other definitely grow together. So much to learn from these two ladies. Love it for them 🫶 ##RHONairobi 

Watch new episodes of The Real Housewives of Nairobi every Thursday, only on Showmax. https://shw.mx/3ExQ4rx

Subscribe to our YouTube channel: http://shw.mx/2xs8dFJ 

What is Showmax? 
Showmax is the new way to watch TV online. Get instant access to thousands of the best series, movies, kids’ shows and documentaries. All you need is the internet to watch Showmax on your phone, tablet, laptop or TV. You can even download to watch offline with the Showmax app on phones and tablets. 

Connect with Showmax Online: 
Visit our Website: http://shw.mx/2x8owYw 
Discover more on our Blog: http://shw.mx/2hd0PaT 
Like Showmax on Facebook: http://shw.mx/2xsDcl2 
Follow Showmax on Instagram: http://shw.mx/2xfr5Y5 
Follow Showmax on Twitter: http://shw.mx/2f5aFYl",2023-04-18T16:00:06Z,Showmax,4844,124,5,PT52S,0.028075137506737687,0.08078175895765473,0.016286644951140065,0.0394835189861273
0APlz1Fa9Ko,"""Real Housewives of Nairobi""",Real Housewives of Nairobi Season 2 Cast Members Hidden Lives & Secrets Revealed - BNN,"Prepare to be dazzled by the latest additions to the Real Housewives of Nairobi: Farah Esmail, Zena Nyambu, and Reja K. We dig deep into the riveting controversies and scandals swirling around these captivating new cast members. From hidden secrets to shocking revelations, we leave no stone unturned. Plus, with Mine Cayy's bold declaration of a drama-free season. Can she uphold her promise amidst the chaos?
 #RealHousewivesofNairobi #NewCast #DramaAlert #RealityTV  #MineCayy #NoDrama #Rhon

Love,

Edgar Obare
Telegram - https://t.me/bnnkenya",2024-04-18T16:05:25Z,Edgar Obare,8516,41,6,PT4M26S,0.04935752910969821,0.026710097719869708,0.019543973941368076,0.039223637986991564
pkPJvADPeIM,RHONairobi trailer,Meet Sonal | The Real Housewives of Nairobi | Showmax Original #shorts,"When it comes to Sonal it's lavish living and luxury on The Real Housewives of Nairobi 🤩✨ Watch #RHONairobi from 27 Feb, only on Showmax.

Subscribe to our YouTube channel: http://shw.mx/2xs8dFJ 

What is Showmax? 
Showmax is the new way to watch TV online. Get instant access to thousands of the best series, movies, kids’ shows and documentaries. All you need is the internet to watch Showmax on your phone, tablet, laptop or TV. You can even download to watch offline with the Showmax app on phones and tablets. 

Connect with Showmax Online: 
Visit our Website: http://shw.mx/2x8owYw 
Discover more on our Blog: http://shw.mx/2hd0PaT 
Like Showmax on Facebook: http://shw.mx/2xsDcl2 
Follow Showmax on Instagram: http://shw.mx/2xfr5Y5 
Follow Showmax on Twitter: http://shw.mx/2f5aFYl",2023-02-15T11:00:26Z,Showmax,6971,78,4,PT22S,0.04040292806760289,0.050814332247557006,0.013029315960912053,0.03889973729658779
N-EaNAWN0XY,RHONairobi,Minne's shadiest moments | The Real Housewives of Nairobi | Showmax Original,"Minne = The queen of shade! 🔥 Listen, just don't come for Minne. These are some of our fave shade moments from her 🤭 #RHONairobi   https://shw.mx/3ExQ4rx

Subscribe to our YouTube channel: http://shw.mx/2xs8dFJ 

What is Showmax? 
Showmax is the new way to watch TV online. Get instant access to thousands of the best series, movies, kids’ shows and documentaries. All you need is the internet to watch Showmax on your phone, tablet, laptop or TV. You can even download to watch offline with the Showmax app on phones and tablets. 

Connect with Showmax Online: 
Visit our Website: http://shw.mx/2x8owYw 
Discover more on our Blog: http://shw.mx/2hd0PaT 
Like Showmax on Facebook: http://shw.mx/2xsDcl2 
Follow Showmax on Instagram: http://shw.mx/2xfr5Y5 
Follow Showmax on Twitter: http://shw.mx/2f5aFYl",2023-06-09T10:30:09Z,Showmax,9191,24,2,PT1M4S,0.05326973344847772,0.015635179153094463,0.006514657980456026,0.036847833554428645
SJ-NQVeEF4U,RHONairobi episode,🇰🇪🇰🇪The Real Housewives of  Nairobi Episode 2 : do you believe Maria was sick #rhonairobi #rhon,"The real housewives of Nairobi is finally here and is full of fun and drama


Don't not forget to like and subscribe to watch more on the other real house wives 

#rhonairobi #rhon 

what to watch on showmax,what's new on showmax,what is showmax",2023-03-04T14:17:02Z,MUSHYIA TV,8687,31,2,PT17M38S,0.05034862087552235,0.020195439739413682,0.006514657980456026,0.03623523115723523
YiRYqgF1XLw,"""Real Housewives of Nairobi""",The reunion Part 2 – The Real Housewives of Nairobi | S1 | EP 14 | Maisha Magic Plus,"The housewives call down Sonal after they feel she's betrayed them. Susan then bursts into tears and rushes off the set.
---
Official Website for more https://bit.ly/2URCLen
Watch more series and movies on Showmax, start your 14-day free trial here: https://bit.ly/3kSlah7
Download the DStv App and stream your favourite shows: https://bit.ly/3398n3O

Follow Maisha Magic Plus:
https://www.facebook.com/maishamagicplus
https://twitter.com/maishamagicplus
https://www.instagram.com/maishamagicplus_tv",2023-10-21T18:00:12Z,Maisha Magic Plus,8717,22,0,PT1M2S,0.050522496623912554,0.014332247557003257,0.0,0.033896559863598345
RNGtIPgL46s,RHONairobi trailer,Dr C and Minne’s friendship | RHON S2 | Showmax,"Are Minne Kariuki Njuguna and Dr Catherine Masitsa finally on a good foot? Watch #RHONairobi to see how their friendship evolves. Now streaming on Showmax.

Subscribe to our YouTube channel: http://shw.mx/2xs8dFJ 

Connect with Showmax Online: 
Visit our Website: https://shw.mx/home-page-004
Discover more on Showmax Stories: http://shw.mx/2hd0PaT",2024-09-25T14:00:24Z,Showmax,6321,33,12,PT3M36S,0.03663562018581522,0.021498371335504887,0.03908794788273615,0.033219157127775775
TiaTz7s3ITo,RHONairobi,Minne's stylist | The Real Housewives of Nairobi | Showmax Original,"Minne is taking all her holiday outfits to the max with the help of her stylist, Kanazie 😍 See all the looks on a new episode of #RHONairobi.  

Watch new episodes of The Real Housewives of Nairobi every Thursday, only on Showmax. https://shw.mx/3ExQ4rx

Subscribe to our YouTube channel: http://shw.mx/2xs8dFJ 

What is Showmax? 
Showmax is the new way to watch TV online. Get instant access to thousands of the best series, movies, kids’ shows and documentaries. All you need is the internet to watch Showmax on your phone, tablet, laptop or TV. You can even download to watch offline with the Showmax app on phones and tablets. 

Connect with Showmax Online: 
Visit our Website: http://shw.mx/2x8owYw 
Discover more on our Blog: http://shw.mx/2hd0PaT 
Like Showmax on Facebook: http://shw.mx/2xsDcl2 
Follow Showmax on Instagram: http://shw.mx/2xfr5Y5 
Follow Showmax on Twitter: http://shw.mx/2f5aFYl",2023-05-03T11:17:54Z,Showmax,5639,71,1,PT34S,0.032682844839078,0.04625407166123779,0.003257328990228013,0.031661824167290444
Z2cnuBQre30,RHONairobi trailer,Meet Farah Esmail | The Real Housewives of Nairobi S2 | Showmax Original,"Farah Esmail is a corporate lawyer, an impact entrepreneur, and a body-building queen and pioneer in the sport in Kenya. Watch her in #RHONairobi S2 from 10 May, only on Showmax.",2024-04-18T10:38:55Z,Showmax,6736,41,3,PT30S,0.039040901371879655,0.026710097719869708,0.009771986970684038,0.031567863298697825
HxL8xiLOXc4,RHONairobi trailer,Vera - Best moments | The Real Housewives of Nairobi | Showmax Original,"The most googled celebrity in this country shared a piece of her life with us 😍 Get a front-row seat to these and more on #RHONairobi.  Watch episodes of The Real Housewives of Nairobi only on Showmax. https://shw.mx/3ExQ4rx

Subscribe to our YouTube channel: http://shw.mx/2xs8dFJ 

What is Showmax? 
Showmax is the new way to watch TV online. Get instant access to thousands of the best series, movies, kids’ shows and documentaries. All you need is the internet to watch Showmax on your phone, tablet, laptop or TV. You can even download to watch offline with the Showmax app on phones and tablets. 

Connect with Showmax Online: 
Visit our Website: http://shw.mx/2x8owYw 
Discover more on our Blog: http://shw.mx/2hd0PaT 
Like Showmax on Facebook: http://shw.mx/2xsDcl2 
Follow Showmax on Instagram: http://shw.mx/2xfr5Y5 
Follow Showmax on Twitter: http://shw.mx/2f5aFYl",2023-05-22T11:04:57Z,Showmax,6981,26,6,PT1M26S,0.040460886650399625,0.016938110749185668,0.019543973941368076,0.0314426557687414
FYUSvuJ-kIo,RHONairobi trailer,Evolution of Vera's divorce | RHON | Showmax,"Vera Sidika, one of the Real Housewives of Nairobi, shows how her divorce was done, which included a divorce party. Watch how the reality star navigates her new beginnings in season 2 of the Kenyan reality show, #RHONairobi.

Subscribe to our YouTube channel: http://shw.mx/2xs8dFJ 

Connect with Showmax Online: 
Visit our Website: https://shw.mx/home-page-004
Discover more on Showmax Stories: http://shw.mx/2hd0PaT",2024-09-17T14:30:08Z,Showmax,7336,28,2,PT1M30S,0.04251841633968366,0.018241042345276872,0.006514657980456026,0.03104850908719782
tC1rZmFvLE0,Real Housewives of Nairobi Showmax,Minne's best moments | The Real Housewives of Nairobi | Showmax Original,"Star power ✅ Sassy ✅ Hilarious ✅ These are just some of the vibes Minne brought to #RHONairobi and we are here for them 🙌 https://shw.mx/3ExQ4rx

Subscribe to our YouTube channel: http://shw.mx/2xs8dFJ 

What is Showmax? 
Showmax is the new way to watch TV online. Get instant access to thousands of the best series, movies, kids’ shows and documentaries. All you need is the internet to watch Showmax on your phone, tablet, laptop or TV. You can even download to watch offline with the Showmax app on phones and tablets. 

Connect with Showmax Online: 
Visit our Website: http://shw.mx/2x8owYw 
Discover more on our Blog: http://shw.mx/2hd0PaT 
Like Showmax on Facebook: http://shw.mx/2xsDcl2 
Follow Showmax on Instagram: http://shw.mx/2xfr5Y5 
Follow Showmax on Twitter: http://shw.mx/2f5aFYl",2023-05-31T11:32:24Z,Showmax,6707,26,1,PT1M13S,0.038872821481769126,0.016938110749185668,0.003257328990228013,0.02804681992489209
GUaE2AsEFQQ,"""Real Housewives of Nairobi""",The real housewives of Nairobi|| RHON #rhoa #rhon,,2023-02-03T20:15:03Z,Flavia Malkia Iminza,4400,70,2,PT34S,0.02550177643056272,0.04560260586319218,0.006514657980456026,0.02767891602120408
R-L9Rfb535Y,Real Housewives of Nairobi Showmax,8 Questions with the cast of The Real Housewives of Nairobi | Showmax Original,"Get to know more about The Real Housewives of Nairobi as they reveal interesting facts about them, from their hidden talents to guilty pleasures to favourites housewives and more.

Watch new episodes of The Real Housewives of Nairobi every Thursday, only on Showmax. https://shw.mx/3ExQ4rx

Subscribe to our YouTube channel: http://shw.mx/2xs8dFJ 

What is Showmax? 
Showmax is the new way to watch TV online. Get instant access to thousands of the best series, movies, kids’ shows and documentaries. All you need is the internet to watch Showmax on your phone, tablet, laptop or TV. You can even download to watch offline with the Showmax app on phones and tablets. 

Connect with Showmax Online: 
Visit our Website: http://shw.mx/2x8owYw 
Discover more on our Blog: http://shw.mx/2hd0PaT 
Like Showmax on Facebook: http://shw.mx/2xsDcl2 
Follow Showmax on Instagram: http://shw.mx/2xfr5Y5 
Follow Showmax on Twitter: http://shw.mx/2f5aFYl",2023-05-03T09:24:50Z,Showmax,6085,34,2,PT10M58S,0.03526779763181231,0.02214983713355049,0.006514657980456026,0.02767533655954341
5CHUu4Jkbsc,RHONairobi reunion,Reunion Entry Video: Vera | RHON | Showmax,The second Reunion of #RHONairobi drops tomorrow. Can anyone make an entrance like Vera? #RHON S2 #Housewives #Showmax,2024-08-15T13:30:01Z,Showmax,3896,82,1,PT20S,0.022580663857607354,0.053420195439739415,0.003257328990228013,0.027392046523033467
mn1emwLHZPI,RHONairobi,Minne and Lisa - 6am club | The Real Housewives of Nairobi | Showmax Original,"6am club is up, even on vacation! Military style. #RHONairobi 
Watch new episodes of The Real Housewives of Nairobi every Thursday, only on Showmax. https://shw.mx/3ExQ4rx

Subscribe to our YouTube channel: http://shw.mx/2xs8dFJ 

What is Showmax? 
Showmax is the new way to watch TV online. Get instant access to thousands of the best series, movies, kids’ shows and documentaries. All you need is the internet to watch Showmax on your phone, tablet, laptop or TV. You can even download to watch offline with the Showmax app on phones and tablets. 

Connect with Showmax Online: 
Visit our Website: http://shw.mx/2x8owYw 
Discover more on our Blog: http://shw.mx/2hd0PaT 
Like Showmax on Facebook: http://shw.mx/2xsDcl2 
Follow Showmax on Instagram: http://shw.mx/2xfr5Y5 
Follow Showmax on Twitter: http://shw.mx/2f5aFYl",2023-05-08T13:21:51Z,Showmax,4186,64,4,PT36S,0.024261462758712625,0.04169381107491857,0.013029315960912053,0.026934727818094025
hiu5HopaFjA,RHONairobi episode,Meet Dr. Catherine | The Real Housewives of Nairobi | Showmax Original #shorts,"The Queen Mother is here on #RHONairobi! 👑 Time to meet Dr Catherine on The Real Housewives of Nairobi from this Thursday, only on Showmax.

Watch new episodes of The Real Housewives of Nairobi every Thursday, only on Showmax. https://shw.mx/3ExQ4rx 

Subscribe to our YouTube channel: http://shw.mx/2xs8dFJ 

What is Showmax? 
Showmax is the new way to watch TV online. Get instant access to thousands of the best series, movies, kids’ shows and documentaries. All you need is the internet to watch Showmax on your phone, tablet, laptop or TV. You can even download to watch offline with the Showmax app on phones and tablets. 

Connect with Showmax Online: 
Visit our Website: http://shw.mx/2x8owYw 
Discover more on our Blog: http://shw.mx/2hd0PaT 
Like Showmax on Facebook: http://shw.mx/2xsDcl2 
Follow Showmax on Instagram: http://shw.mx/2xfr5Y5 
Follow Showmax on Twitter: http://shw.mx/2f5aFYl",2023-03-20T09:30:19Z,Showmax,4587,45,2,PT21S,0.026585601928861634,0.029315960912052116,0.006514657980456026,0.024257550082398414
PZGU2ucGc2c,RHONairobi,Minne and Susan call a truce | The Real Housewives of Nairobi | Showmax Original,"In a sudden plot twist, we see peace between Susan and Minne! Susan anounces a truce at Dr Catherin's events that left Minne happy to start on a clean slate. 

#RHONairobi stars Susan Kaittany, Vera Sidika, Sonal Maherali, Minne Kariuki, Lisa Christoffersen and Dr Catherine Masitsa.

Watch new episodes of The Real Housewives of Nairobi every Thursday, only on Showmax. https://shw.mx/3ExQ4rx


Subscribe to our YouTube channel: http://shw.mx/2xs8dFJ 

Subscribe to our YouTube channel: http://shw.mx/2xs8dFJ 

What is Showmax? 
Showmax is the new way to watch TV online. Get instant access to thousands of the best series, movies, kids’ shows and documentaries. All you need is the internet to watch Showmax on your phone, tablet, laptop or TV. You can even download to watch offline with the Showmax app on phones and tablets. 

Connect with Showmax Online: 
Visit our Website: http://shw.mx/2x8owYw 
Discover more on our Blog: http://shw.mx/2hd0PaT 
Like Showmax on Facebook: http://shw.mx/2xsDcl2 
Follow Showmax on Instagram: http://shw.mx/2xfr5Y5 
Follow Showmax on Twitter: http://shw.mx/2f5aFYl",2023-04-03T15:00:14Z,Showmax,5420,22,1,PT1M36S,0.03141355187582953,0.014332247557003257,0.003257328990228013,0.02291979236328273
3XZxQam4Ixo,"""Real Housewives of Nairobi""",Peeling the mask – The Real Housewives of Nairobi | S1 | EP 5 | Maisha Magic Plus,"Minnie invites the housewives to a Hollywood glam-themed event but tempers flare between Susan and Minne.
---
Official Website for more https://bit.ly/2URCLen
Watch more series and movies on Showmax, start your 14-day free trial here: https://bit.ly/3kSlah7
Download the DStv App and stream your favourite shows: https://bit.ly/3398n3O

Follow Maisha Magic Plus:
https://www.facebook.com/maishamagicplus
https://twitter.com/maishamagicplus
https://www.instagram.com/maishamagicplus_tv",2023-08-19T18:00:01Z,Maisha Magic Plus,5556,16,0,PT1M13S,0.03220178860186511,0.010423452768729642,0.0,0.021926936353301472
qUDSxFUrNpM,Real Housewives of Nairobi Showmax,Sonal's best moments | Real Housewives Of Nairobi | Showmax Original,"The luxury connoisseur who touched our souls 🥰 Tell us which moments are your fave 😍 #RHONairobi, only on Showmax: https://shw.mx/3ExQ4rx

Subscribe to our YouTube channel: http://shw.mx/2xs8dFJ 

What is Showmax? 
Showmax is the new way to watch TV online. Get instant access to thousands of the best series, movies, kids’ shows and documentaries. All you need is the internet to watch Showmax on your phone, tablet, laptop or TV. You can even download to watch offline with the Showmax app on phones and tablets. 

Connect with Showmax Online: 
Visit our Website: http://shw.mx/2x8owYw 
Discover more on our Blog: http://shw.mx/2hd0PaT 
Like Showmax on Facebook: http://shw.mx/2xsDcl2 
Follow Showmax on Instagram: http://shw.mx/2xfr5Y5 
Follow Showmax on Twitter: http://shw.mx/2f5aFYl",2023-05-26T10:50:36Z,Showmax,4347,31,3,PT1M36S,0.025194595941740033,0.020195439739413682,0.009771986970684038,0.021631415545500045
H30XOjumbc0,Real Housewives of Nairobi Showmax,Meet body-building Housewife Farah | The Real Housewives of Nairobi S2 | Showmax Original,"Competitive body-building athlete and corporate lawyer Farah Esmail talks about joining The Real Housewives of Nairobi S2 and how her experience has been so far. Catch a new episode of #RHONairobi S2 every Friday, exclusively on Showmax.

Subscribe to our YouTube channel: http://shw.mx/2xs8dFJ 

Connect with Showmax Online: 
Visit our Website: https://shw.mx/home-page-004
Discover more on Showmax Stories: http://shw.mx/2hd0PaT",2024-07-18T10:05:37Z,Showmax,4079,27,5,PT2M7S,0.023641305922787577,0.01758957654723127,0.016286644951140065,0.021025174433151373
v50DwwIIo1A,"""Real Housewives of Nairobi""",Lisa's Shadiest Moments | Real Housewives of Nairobi | Showmax Original,"You know her as Lisa but did you know that shade is her middle name? 😂 These moments had us shook! #RHONairobi   https://shw.mx/3ExQ4rx


What is Showmax? 
Showmax is the new way to watch TV online. Get instant access to thousands of the best series, movies, kids’ shows and documentaries. All you need is the internet to watch Showmax on your phone, tablet, laptop or TV. You can even download to watch offline with the Showmax app on phones and tablets. 

Connect with Showmax Online: 
Visit our Website: http://shw.mx/2x8owYw 
Discover more on our Blog: http://shw.mx/2hd0PaT 
Like Showmax on Facebook: http://shw.mx/2xsDcl2 
Follow Showmax on Instagram: http://shw.mx/2xfr5Y5 
Follow Showmax on Twitter: http://shw.mx/2f5aFYl",2023-06-08T10:44:52Z,Showmax,4171,11,7,PT58S,0.024174524884517525,0.0071661237785016286,0.02280130293159609,0.019716441315075335
ipHfDH720ic,RHONairobi,#RHONairobi star Dr Catherine Masitsa on why she never dated poor men,,2023-04-24T09:14:42Z,Buzz Central Kenya,2457,62,2,PT58S,0.01424042379315741,0.040390879478827364,0.006514657980456026,0.01961917284266969
dXpW7AjdVLQ,Real Housewives of Nairobi Showmax,Dr C's shadiest moments | The Real Housewives of Nairobi | Showmax Original,"We know her as The Queen Mother! A formidable woman and more but her confessionals showed off her shadiest side 😂😂  Will you survive the shade? See these and more on #RHONairobi only on Showmax  https://shw.mx/3ExQ4rx

Subscribe to our YouTube channel: http://shw.mx/2xs8dFJ 

What is Showmax? 
Showmax is the new way to watch TV online. Get instant access to thousands of the best series, movies, kids’ shows and documentaries. All you need is the internet to watch Showmax on your phone, tablet, laptop or TV. You can even download to watch offline with the Showmax app on phones and tablets. 

Connect with Showmax Online: 
Visit our Website: http://shw.mx/2x8owYw 
Discover more on our Blog: http://shw.mx/2hd0PaT 
Like Showmax on Facebook: http://shw.mx/2xsDcl2 
Follow Showmax on Instagram: http://shw.mx/2xfr5Y5 
Follow Showmax on Twitter: http://shw.mx/2f5aFYl",2023-06-06T13:00:23Z,Showmax,3684,10,4,PT57S,0.021351941902316606,0.006514657980456026,0.013029315960912053,0.01639422703064078
klhS1m_CKPE,"""Real Housewives of Nairobi""",Zena's background – The Real Housewives of Nairobi | S2 | Ep 3 | Maisha Magic Plus,"Minnie and Vera grow curious about Zena's background and discover her shocking past.
---
Official Website for more https://bit.ly/2URCLen
Watch more series and movies on Showmax, start your 14-day free trial here: https://bit.ly/3kSlah7
Download the DStv App and stream your favourite shows: https://bit.ly/3398n3O

Follow Maisha Magic Plus:
https://www.facebook.com/maishamagicplus
https://twitter.com/maishamagicplus
https://www.instagram.com/maishamagicplus_tv",2025-04-27T18:00:42Z,Maisha Magic Plus,3250,26,1,PT2M14S,0.018836539408938372,0.016938110749185668,0.003257328990228013,0.016025050681193642
FzjEMJFLLsw,RHONairobi reunion,The Real Housewives of Nairobi Season 2 Reunion Part 2 #review #rhonairobi,"Vera and Farah impressed me.Dr C and Minnie that was a bad look

Instagram:Therealityjam/millahyassin
Twitter: Therealityjam
Tiktok: Therealityjam",2024-08-25T18:19:48Z,The Reality Jam,2991,15,6,PT30M28S,0.017335412114502975,0.009771986970684038,0.019543973941368076,0.015775840102578004
figXp5dNYIA,RHONairobi,Xenah exposes Minne & her husband’s LIES~ RHONairobi S2 Reunion recap!,#rhonairobi #rhon #showmax #fyp #trending #hearforit #kenya #nairobi #minne #xenah #drc #verasidika #southafrica,2024-08-22T05:05:08Z,Hear for it Channel,1958,28,7,PT15M40S,0.01134829051160041,0.018241042345276872,0.02280130293159609,0.014789430333018877
9hRozqYLxt4,Real Housewives of Nairobi Showmax,Susan's best moments | Real Housewives Of Nairobi | Showmax Original,"The queen of hosting some of the most stunning events this season 😍👏💕 Some of our favourite moments from the Posh Queen. #RHONairobi  only on Showmax  https://shw.mx/3ExQ4rx

Subscribe to our YouTube channel: http://shw.mx/2xs8dFJ 

What is Showmax? 
Showmax is the new way to watch TV online. Get instant access to thousands of the best series, movies, kids’ shows and documentaries. All you need is the internet to watch Showmax on your phone, tablet, laptop or TV. You can even download to watch offline with the Showmax app on phones and tablets. 

Connect with Showmax Online: 
Visit our Website: http://shw.mx/2x8owYw 
Discover more on our Blog: http://shw.mx/2hd0PaT 
Like Showmax on Facebook: http://shw.mx/2xsDcl2 
Follow Showmax on Instagram: http://shw.mx/2xfr5Y5 
Follow Showmax on Twitter: http://shw.mx/2f5aFYl",2023-05-26T22:00:08Z,Showmax,3429,9,1,PT1M25S,0.019873998040999902,0.005863192182410423,0.003257328990228013,0.01387879621873675
hnugwHQAn9E,RHONairobi episode,🇰🇪🇰🇪The Real Housewives of  Nairobi Episode 3 : Dr maria retires  #rhonairobi #rhon,"The real housewives of Nairobi is finally here and is full of fun and drama


Don't not forget to like and subscribe to watch more on the other real house wives 

#rhonairobi #rhon 

what to watch on showmax,what's new on showmax,what is showmax",2023-03-16T19:39:49Z,MUSHYIA TV,1434,7,15,PT26M49S,0.008311260773051577,0.004560260586319218,0.048859934853420196,0.01345581183842378
eHSimzl4oUo,"""Real Housewives of Nairobi""",Lisa's best moments | The Real Housewives of Nairobi | Showmax Original,"We certainly can't imagine what life would be without Lisa's positive energy. 💕 Here are some of our fave moments from her this season 🥰 #RHONairobi https://shw.mx/3ExQ4rx

Subscribe to our YouTube channel: http://shw.mx/2xs8dFJ 

What is Showmax? 
Showmax is the new way to watch TV online. Get instant access to thousands of the best series, movies, kids’ shows and documentaries. All you need is the internet to watch Showmax on your phone, tablet, laptop or TV. You can even download to watch offline with the Showmax app on phones and tablets. 

Connect with Showmax Online: 
Visit our Website: http://shw.mx/2x8owYw 
Discover more on our Blog: http://shw.mx/2hd0PaT 
Like Showmax on Facebook: http://shw.mx/2xsDcl2 
Follow Showmax on Instagram: http://shw.mx/2xfr5Y5 
Follow Showmax on Twitter: http://shw.mx/2f5aFYl",2023-05-30T14:00:32Z,Showmax,3259,9,1,PT1M27S,0.018888702133455434,0.005863192182410423,0.003257328990228013,0.013287618674210069
nH9qiEeDdV8,RHONairobi,[SEASON FINALE] Reunion Part 2 – The Real Housewives of Nairobi | S2 | Ep 14 | Maisha Magic Plus,"Witness all the drama and lies as the gloves come off in the explosive season finale.
---
Official Website for more https://bit.ly/2URCLen
Watch more series and movies on Showmax, start your 14-day free trial here: https://bit.ly/3kSlah7
Download the DStv App and stream your favourite shows: https://bit.ly/3398n3O

Follow Maisha Magic Plus:
https://www.facebook.com/maishamagicplus
https://twitter.com/maishamagicplus
https://www.instagram.com/maishamagicplus_tv",2025-07-06T17:30:10Z,Maisha Magic Plus,2762,18,1,PT3M5S,0.01600816056845778,0.011726384364820847,0.003257328990228013,0.013025091780814083
-lQF2WaHuLQ,"""Real Housewives of Nairobi""","Dr Catherine joins The Real Housewives of Nairobi, replaces Dr. Maria | #TheTrend","Subscribe to NTV Kenya channel for latest Kenyan news today and everyday. Get the Kenya news updates, discussions and other exciting shows.  

Website: ntv.nation.co.ke || Paper: Daily Nation || Twitter: @ntvkenya || Facebook: NTV Kenya || Instagram: NTV Kenya",2023-03-31T21:25:29Z,NTV Kenya,2814,9,2,PT16M21S,0.016309545199000793,0.005863192182410423,0.006514657980456026,0.012228723862071484
Nj1JONkXmm8,"""Real Housewives of Nairobi""",Who is Lisa Christoffersen cast of the Real Housewives of Nairobi,"This is The Home of Sugar, Spice and Everything Nice!
Tune in Nairobi 94.4 • Mombasa 87.9 • Nakuru 96.0 • Eldoret 96.7 • Nyeri 90.9 • Kisumu 102.5 • Malindi 97.7. Always LIVE on https://spicefm.co.ke

© 2022 The Standard Group PLC

Follow SpiceFM:
Instagram: https://www.instagram.com/spicefmke
Facebook: https://www.facebook.com/spicefmke 
Twitter: https://www.twitter.com/spicefmke",2023-02-25T12:24:27Z,SpiceFM,2015,15,4,PT5M35S,0.011678654433541791,0.009771986970684038,0.013029315960912053,0.011404586796932892
OQOKAf2MVX0,"""Real Housewives of Nairobi""",Susan's shadiest moments | The Real Housewives of Nairobi | Showmax Original,"Throwing shade at our posh queen and expecting grace? You're definitely getting the heat. She's taking it all the way. #RHONairobi  Susan's shadiest moments | The Real Housewives of Nairobi | Showmax Original 

Subscribe to our YouTube channel: http://shw.mx/2xs8dFJ 

What is Showmax? 
Showmax is the new way to watch TV online. Get instant access to thousands of the best series, movies, kids’ shows and documentaries. All you need is the internet to watch Showmax on your phone, tablet, laptop or TV. You can even download to watch offline with the Showmax app on phones and tablets. 

Connect with Showmax Online: 
Visit our Website: http://shw.mx/2x8owYw 
Discover more on our Blog: http://shw.mx/2hd0PaT 
Like Showmax on Facebook: http://shw.mx/2xsDcl2 
Follow Showmax on Instagram: http://shw.mx/2xfr5Y5 
Follow Showmax on Twitter: http://shw.mx/2f5aFYl",2023-06-10T13:00:29Z,Showmax,2477,10,2,PT58S,0.014356340958750876,0.006514657980456026,0.006514657980456026,0.011219667767432936
kEU3dSuBJAE,RHONairobi trailer,The Real Housewives of Nairobi Cast/trailer. #Realhousewivesofnairobi,,2023-02-03T20:54:54Z,Lily's News byte,2327,10,1,PT4M51S,0.013486962216799875,0.006514657980456026,0.003257328990228013,0.010209441173728134
-FMstkL9cLw,RHONairobi trailer,Minne the bartender | The Real Housewives of Nairobi | Showmax Original,"On vacation, drinks start flowing at 7am. Minne understands the assignment. #RHONairobi now streaming: https://shw.mx/3ExQ4rx

Subscribe to our YouTube channel: http://shw.mx/2xs8dFJ 

What is Showmax? 
Showmax is the new way to watch TV online. Get instant access to thousands of the best series, movies, kids’ shows and documentaries. All you need is the internet to watch Showmax on your phone, tablet, laptop or TV. You can even download to watch offline with the Showmax app on phones and tablets. 

Connect with Showmax Online: 
Visit our Website: http://shw.mx/2x8owYw 
Discover more on our Blog: http://shw.mx/2hd0PaT 
Like Showmax on Facebook: http://shw.mx/2xsDcl2 
Follow Showmax on Instagram: http://shw.mx/2xfr5Y5 
Follow Showmax on Twitter: http://shw.mx/2f5aFYl",2023-05-16T07:53:44Z,Showmax,2035,17,0,PT24S,0.011794571599135257,0.011074918566775244,0.0,0.009845472601174965
irDrXXbCEkg,"""Real Housewives of Nairobi""",Dr C's best moments | Real Housewives Of Nairobi | Showmax Original,"Everyone needs a Dr C in their lives 😍 From her advice to her sense of humor, we can't get enough of her 😅 #RHONairobi, only on Showmax https://shw.mx/3ExQ4rx

Subscribe to our YouTube channel: http://shw.mx/2xs8dFJ 

What is Showmax? 
Showmax is the new way to watch TV online. Get instant access to thousands of the best series, movies, kids’ shows and documentaries. All you need is the internet to watch Showmax on your phone, tablet, laptop or TV. You can even download to watch offline with the Showmax app on phones and tablets. 

Connect with Showmax Online: 
Visit our Website: http://shw.mx/2x8owYw 
Discover more on our Blog: http://shw.mx/2hd0PaT 
Like Showmax on Facebook: http://shw.mx/2xsDcl2 
Follow Showmax on Instagram: http://shw.mx/2xfr5Y5 
Follow Showmax on Twitter: http://shw.mx/2f5aFYl",2023-05-26T12:30:31Z,Showmax,1954,13,0,PT1M25S,0.011325107078481717,0.008469055374592834,0.0,0.008912328090737238
kBpfVet5yYU,RHONairobi trailer,Reunion Entry Video: Zena | RHON | Showmax,"With beauty and style, Zena enters the Reunion we've been waiting for! Catch her on #RHONairobi reunion, out now! #RHON S2 #Housewives #Showmax",2024-08-16T15:00:47Z,Showmax,1705,16,0,PT30S,0.009881938366843054,0.010423452768729642,0.0,0.008535026212288244
C0aV51EkBSA,"""Real Housewives of Nairobi""",OFFICIAL TRAILER: REAL HOUSEWIVES OF NAIROBI #showmax #drama #reality #realitytv #kenyan,"Available on SHOWMAX, a streaming platform that showcases Kenyan content concurrently to some international films. subscription charges apply.

SUBSCRIBE LIKE AND SHARE. For collaborations reach out through our email; kenyanfilms109@gmail.com

THANK YOU FOR YOUR SUPPORT!!",2023-02-03T13:16:45Z,Kenyan Films,1763,8,0,PT43S,0.010218098147064108,0.005211726384364821,0.0,0.007433790484329669
VAipGa7HPMU,"""Real Housewives of Nairobi""",THE BEAUTIFUL SET AT THE PRIVATE SCREENING OF THE REAL HOUSEWIVES OF NAIROBI,,2023-02-21T14:27:30Z,Dennis Milimo,1472,14,0,PT16S,0.008531503387679164,0.009120521172638436,0.0,0.0073990323257671076
wmprozH0n5k,RHONairobi,We are going to see drama in the reality show - Vera Sidika #Shorts #PulseEvents #RHONairobi,We are going to see drama in the reality show - Vera Sidika #PulseEvents #PulseKenya #RHONairobi,2023-02-28T08:49:22Z,Pulse Live Kenya,1447,13,0,PT25S,0.00838660693068733,0.008469055374592834,0.0,0.007149228002060607
ZON_hjLRn0M,RHONairobi,This is the quote Vera Sidika lives by. #Shorts #RHONairobi #PulseKenya,,2023-03-26T15:00:20Z,Pulse Live Kenya,1184,13,0,PT13S,0.006862296203133241,0.008469055374592834,0.0,0.006234641565528153
3KNLC_xdZEQ,"""Real Housewives Nairobi""",Meet Mwaniki Mageria: The Mind behind Real Housewives of Nairobi - Just Angie,"From the decades old Sunflower Kids Club to Real Housewives of Nairobi, Mwaniki Mageria has been contributing to the Kenyan Entertainment scene for a long time. Enjoy this conversation on the Just Angie YouTube Channel 

Like, Share, Comment & SUBSCRIBE here 
http://www.youtube.com/c/JustAngie",2023-03-24T07:49:40Z,Just Angie,824,17,0,PT51S,0.0047757872224508365,0.011074918566775244,0.0,0.005634201975164312
RcIVzdjzTKA,RHONairobi trailer,Real housewives of Nairobi trailer ft Vera Sidika,#shorts #showmax #verasidika #realhousewivesofnairobi,2023-02-03T14:24:13Z,Jennifer Njeri,1147,9,0,PT30S,0.006647849446785327,0.005863192182410423,0.0,0.005454507713673802
1ri1nAjL0UQ,RHONairobi,Dr . Catherine on Real Housewives Of Nairobi #fashion #rhonairobi,,2023-03-23T10:20:14Z,D & R Studios,908,14,0,PT21S,0.005262639317943398,0.009120521172638436,0.0,0.005437713883925647
MSPBal_RbII,RHONairobi episode,"Real Housewives of Nairobi: Episode 1 Recap, the drama, beef and fights!",Buzz Central takes a look of how #RHONairobi went down.,2023-03-08T05:02:13Z,Buzz Central Kenya,1083,6,1,PT27M42S,0.006276914516886233,0.003908794788273616,0.003257328990228013,0.005231946755734345
NCP8Nxso3D4,RHONairobi reunion,SEASON FINALE | SHOCKING REUNION REVELATION,"SEASON FINALE | SHOCKING REUNION REVELATION 
#rhonairobi",2023-05-11T20:34:18Z,Adaobi Nnoli,371,7,5,PT17M19S,0.002150263421758811,0.004560260586319218,0.016286644951140065,0.004873219942306101
JpCp71k7v2w,RHONairobi episode,"Real Housewives of Nairobi: Episode 2 Recap, Minne not feeling Sonal and Machakos messiness",The 2nd episode of Real Housewives of Nairobi #RHONairobi was packed with gossip and drama.,2023-03-10T17:15:59Z,Buzz Central Kenya,1287,2,0,PT28M43S,0.0074592696059395955,0.0013029315960912053,0.0,0.004801294662586558
HViE3ub3Ldg,"""Real Housewives of Nairobi""",Real Housewives of Nairobi watch party,,2023-02-25T10:38:55Z,Kylie Achieng,879,7,1,PT8S,0.005094559427832871,0.004560260586319218,0.003257328990228013,0.004685400151813728
1kNJRo5AJ4M,RHONairobi,Our Queen Boss lady Vera #RHONairobi,,2023-02-20T15:34:07Z,D & R Studios,820,10,0,PT23S,0.004752603789332143,0.006514657980456026,0.0,0.004480226768713292
pdRuxJrYq94,"""Real Housewives Nairobi""",The new cast of The Real Housewives of Nairobi - Farah Esmail,"Connect with #PulseLiveKenya #PulseEvents #RHON #TheRealHousewivesofNairobi
» Read & Watch via our Website: https://www.pulselive.co.ke/
» Like us on Facebook: http://bit.ly/PulseLiveFacebook 
» Follow us on Instagram: http://bit.ly/PulseLiveInstagram
» Tweet us on Twitter: http://bit.ly/PulseLiveTwitter",2024-05-11T11:00:42Z,Pulse Live Kenya,717,12,0,PT1M,0.004155630386525788,0.007817589576547232,0.0,0.0044477756260522805
a5TgFdrGFFo,RHONairobi,Minnie our serial entrepreneur #RHONairobi,,2023-02-20T15:32:41Z,D & R Studios,576,12,1,PT23S,0.003338414369091847,0.007817589576547232,0.003257328990228013,0.004446045364126118
7utz0YAwJ7k,RHONairobi,Sonal gracing us at #RHONairobi,,2023-02-20T15:31:43Z,D & R Studios,619,13,0,PT22S,0.003587636275117801,0.008469055374592834,0.0,0.004269845608718889
dJ7WOsz_VwQ,RHONairobi,The Real Housewives of Nairobi Season 2 Episode 2 #review #rhonairobi,"Dr C said I said what I said

Instagram:Therealitjam/millahyassin
Twitter: Therealityjam
Tiktok: Therealityjam",2024-05-19T13:00:19Z,The Reality Jam,304,7,4,PT23M43S,0.001761940917020697,0.004560260586319218,0.013029315960912053,0.0041516270909290305
C0h_kNBolSI,RHONairobi,#realitytv #rhonairobi #verasidika #farrahesmail #youtubemadeforyou #foryou #youtubeshorts,,2024-05-09T09:55:20Z,Reality Tv Africa,583,12,0,PT12S,0.0033789853770495606,0.007817589576547232,0.0,0.003981788620366545
hcLPHxf9e8s,RHONairobi,"RHONairobi star Dr Catherine Masitsa on building her business empire, battling alopecia & marriage","Real Housewives of Nairobi Star Dr Catherine Masitsa sat down with Buzz Central and talked about building her business empire, battling alopecia and the secret to a long marriage.",2023-04-19T07:03:17Z,Buzz Central Kenya,505,12,0,PT1H15M19S,0.0029269084312350396,0.007817589576547232,0.0,0.0037105424528778314
NT2Av3dAr6M,RHONairobi trailer,Showmax Mobile | Watch RHON On Showmax,"Are you a #RHONairobi fan and a Safaricom customer? Then we’ve got great news! Click on https://shw.mx/2Safcom today to subscribe to Showmax and get 1GB extra data. Watch all the Real Housewives drama plus the latest series, movies and more from only KSh 299 monthly.",2023-03-17T06:51:00Z,Safaricom PLC,779,6,0,PT49S,0.004514973599865536,0.003908794788273616,0.0,0.0036861828569877252
djLq8zQ-o9w,RHONairobi,The Real Housewives of Nairobi Season 2 Episode 5 #review #rhonairobi,"Divorce Photoshoot and Party

Instagram:Therealitjam/millahyassin
Twitter: Therealityjam
Tiktok: Therealityjam",2024-06-09T20:54:28Z,The Reality Jam,422,4,3,PT31M22S,0.0024458521940221517,0.0026058631921824105,0.009771986970684038,0.0035847751600614998
sQ75woAw4yA,RHONairobi,Who was the guy? Real Housewivesog Nairobi#realhousewivesofnairobi #rhonairobi,Real housewives of Nairobi reunion part2,2023-06-15T07:44:42Z,RealiTEA Pearl,456,0,4,PT47S,0.0026429113755310455,0.0,0.013029315960912053,0.003540144219455435
S5wdwN3Z8GQ,RHONairobi reunion,The Real Housewives of Nairobi Season 2 Reunion Part 1 #review #rhonairobi,"THE LIES, THE LIES, THE LIES *In my Kandi Burrus Voice*

Instagram:Therealityjam/millahyassin
Twitter: Therealityjam
Tiktok: Therealityjam",2024-08-18T08:12:20Z,The Reality Jam,315,9,2,PT31M8S,0.0018256953580971038,0.005863192182410423,0.006514657980456026,0.003538413957529272
skfiCO-5vDg,"""Real Housewives of Nairobi""",People Think Am A Diva | Meet Vera | The Real Housewives Of Nairobi,"Vera Sidika is a cast on the Real Housewives of Nairobi reality show by Showmax. Will Brown Mauzo be on the reality show as well? Vera answers this and more.

Connect with #PulseLiveKenya #PulseEvents
» Read & Watch via our Website: https://www.pulselive.co.ke/
» Like us on Facebook: http://bit.ly/PulseLiveFacebook 
» Follow us on Instagram: http://bit.ly/PulseLiveInstagram
» Tweet us on Twitter: http://bit.ly/PulseLiveTwitter",2023-02-28T07:33:07Z,Pulse Live Kenya,619,8,0,PT5M42S,0.003587636275117801,0.005211726384364821,0.0,0.003455513361161886
Bj9rZ5ecc1Q,RHONairobi,RHONAIROBI REUNION: THE MOST CHAOTIC REUNION |SONAL IS DRAGGED TO THE PIT AS POLICE COMES FOR MINNE,"RHONAIROBI REUNION: THE MOST CHAOTIC REUNION |SONAL IS DRAGGED TO THE PIT AS POLICE COMES FOR MINNE 
#rhonairobi",2023-06-08T19:24:41Z,Adaobi Nnoli,312,8,2,PT17M17S,0.0018083077832580837,0.005211726384364821,0.006514657980456026,0.0033651149631144595
uzsLPfMZW_g,RHONairobi,#rhonairobi ep 2 review. Spoiler alert if you haven’t watched yet #shortsafrica #100daysytshorts,,2023-03-14T09:33:15Z,Chantelle Petit,367,10,0,PT59S,0.0021270799886401177,0.006514657980456026,0.0,0.0029049124882980773
hQanMqBdJPw,RHONairobi,spicy snack #cooking #food #youtubeshort #recipe #short #TheUltimatum #RHONairobi,,2024-05-27T14:36:54Z,cravings1M foods,445,8,0,PT23S,0.0025791569344546387,0.005211726384364821,0.0,0.0028504257567639885
qvmJLkTmygE,RHONairobi episode,"Real Housewives of Nairobi: Episode 4 Recap, Lisa's man vasectomy reversal, Vera the hero","#RHONairobi Episode 4: Lisa's kicks out her man, ladies meet up for lunch and Minne is late for Vera Sidika's gender reveal party.

Check out Episode 3 Recap
https://www.youtube.com/watch?v=DZryHIlhaig
Actress Minne Kariuki discloses why she was auctioned & starting construction business
https://www.youtube.com/watch?v=1e2L9ZMmQYs&t=22s",2023-03-21T05:36:47Z,Buzz Central Kenya,503,3,1,PT28M37S,0.0029153167146756926,0.001954397394136808,0.003257328990228013,0.0027263887258738195
QFWGcvfk_b4,"""Real Housewives of Nairobi""",Real housewives of Nairobi #rhon #bravo #showmax,,2023-02-25T07:57:24Z,Grace Mutheu,406,4,1,PT1M1S,0.0023531184615473784,0.0026058631921824105,0.003257328990228013,0.0025519362235082318
66d4-vW4IfY,RHONairobi,Are the friendships we get to see on The show real? #Shorts #RHONairobi #PulseKenya #VeraSidika,,2023-03-03T13:58:43Z,Pulse Live Kenya,471,5,0,PT28S,0.0027298492497261455,0.003257328990228013,0.0,0.0024522417973926905
4zA5p5ZrZlg,RHONairobi episode,"Real Housewives of Nairobi: Episode 6 Recap, Vera brutally drags Sonal, accuses her of popping pills",#RHONairobi star Vera Sidika attacks Sonal Maherali on the the latest episode of the show saying her husband left her and she is addicted to pills.,2023-04-05T05:12:33Z,Buzz Central Kenya,459,5,0,PT29M10S,0.0026602989503700654,0.003257328990228013,0.0,0.0024105116177790425
cwMpBsK2c14,RHONairobi episode,Real Housewives of Nairobi | Blind date disaster!| Recap/Review,"The ladies of #realhousewivesofnairobi came with lots of drama and shade in this episode.

#rhonairobi #kenyantrends #eastafricasocialtv #nairobifashion #nairobihotgossip #nairobinews 
#realhousewivesofabuja #rhoabuja #showmax #realitytvreviews #realhousewives #bravotv 

Join me as I do a recap of this season of #rhodurban and rhoabuja and other real housewives shows.

Subscribe here for more videos: https://youtube.com/@Africanhousewivesphiliac

Follow me on IG here: Follow me on IG https://instagram.com/africanhousewivesphiliac?

Follow me on TikTok here www.tiktok.com/@realiteapearl",2023-03-11T20:25:15Z,RealiTEA Pearl,686,0,0,PT19M9S,0.003975958779855915,0.0,0.0,0.002385575267913549
JnDrcQRZhyI,RHONairobi,Meet Susan our multi-talented boss lady at ##RHONairobi,,2023-02-20T15:30:32Z,D & R Studios,442,5,0,PT17S,0.0025617693596156187,0.003257328990228013,0.0,0.0023513938633263746
gHqsFwTUzks,RHONairobi,#RHONairobi Episode 1 review part 2 #100daysytshorts #shortsafrica #RealHousewives #Showmax,,2023-03-08T16:00:19Z,Chantelle Petit,254,8,0,PT59S,0.0014721480030370298,0.005211726384364821,0.0,0.002186220397913423
mn1LHn0FBGI,RHONairobi,Let’s talk everything Rhonairobi! Real Housewives of Nairobi Season 1 Recap,"The ladies of #realhousewivesofnairobi came with lots of drama and shade. This video is a recap of all the episodes of the show.

Video chapters:
Intro: 00:00- 1:18
Major highlights/feuds: 1:18 - 14:39
The cast/casting: 14:39 - 17:19
The negatives: 17:19 - 18:06
The positives: 18:06 - 19:27
Conclusion: 19:27 - 20:16

#rhonairobi #kenyantrends #eastafricasocialtv #nairobifashion #nairobihotgossip #nairobinews 
#realhousewivesofabuja #rhoabuja #showmax #realitytvreviews #realhousewives #bravotv #showmaxkenya #rhonairobireunion #realitytvpodcast #nairobifashion #nairobivlog #kenyanyoutuber #kenyanseries #verasidika #minnecayy #singlekiasi #susankittany #sonalmaherali #sonalsvlogs #realhousewivesofabuja #realhousewivesoflagos 

Join me as I do a recap of this season of #rhodurban and rhoabuja and other real housewives shows.

Subscribe here for more videos: https://youtube.com/@Africanhousewivesphiliac

Follow me on IG here: Follow me on IG https://instagram.com/africanhousewivesphiliac?

Follow me on TikTok here www.tiktok.com/@realiteapearl",2023-06-02T09:28:31Z,RealiTEA Pearl,202,0,3,PT20M17S,0.0011707633724940157,0.0,0.009771986970684038,0.002168256069099015
2T_PLaz1y_Y,RHONairobi,My thoughts on #RHONairobi have you watched it? #shortsafrica #100daysytshorts #RealHouswives,,2023-03-08T09:00:01Z,Chantelle Petit,199,9,0,PT54S,0.0011533757976549958,0.005863192182410423,0.0,0.0021578235241956033
kUtiSeYhtDo,"""Real Housewives of Nairobi""",THE REAL HOUSEWIVES OF NAIROBI CAST 2023 #realhousewivesofnairobi,here's a snippet of the real housewives of Nairobi cast.,2023-02-22T23:38:53Z,Peter Nzeki Tv,286,5,0,PT23S,0.0016576154679865769,0.003257328990228013,0.0,0.0018089015283489496
ll_YoM52RcM,RHONairobi,#RHONairobi cast share their definition of a housewife,"#RHONairobi
Visit our website: https://nairobinews.nation.africa/
Like us on Facebook: https://www.facebook.com/NationNairobi
Follow us on Twitter: https://twitter.com/Nairobi_News",2023-02-23T14:18:10Z,Nairobi News,425,2,0,PT1M51S,0.0024632397688611717,0.0013029315960912053,0.0,0.0018036767603395042
gxORt0i4p0Q,"""Real Housewives of Nairobi""",The Real Housewives of Nairobi | Multichoice Studios,"We follow some of the most affluent women in Kenya, including a beauty queen lawyer, a rally driver, a luxury connoisseur, & a jet-setting socialite, as they enjoy the lavish lifestyle that only Nairobi city can provide.
---
Multichoice Studios presents the best African content for acquisitions to global media buyers. Being the single largest producer of original content on the African Continent, the Multichoice Studios catalogue offers over 40 000 hours of scripted and non-scripted programme types. To view the entire catalogue, go to www.multichoicestudios.com.",2024-07-26T09:19:13Z,Multichoice Studios,375,2,0,PT58S,0.0021734468548775046,0.0013029315960912053,0.0,0.0016298010119493041
vFhTjzJXRXc,RHONairobi,The real housewives of Nairobi trailer - Review and Reaction #rhonairobi #kenya,,2023-02-14T16:35:24Z,MUSHYIA TV,136,1,2,PT1M41S,0.000788236726035575,0.0006514657980456026,0.006514657980456026,0.0016130071822011496
kFhvEDHhbeY,RHONairobi episode,The Real Housewives of Nairobi 🇰🇪Season 1 Episode 1 Review| Drama Galore #RHONairobi,Edited by YouCut:https://youcutapp.page.link/BestEditor,2023-02-24T19:29:19Z,Auntie Meu Jwara,84,2,2,PT3M34S,0.00048685209549256104,0.0013029315960912053,0.006514657980456026,0.001595042853386742
eKmGr58HlnA,"""Real Housewives of Nairobi""",The Real Housewives Of Nairobi,,2023-02-26T11:02:27Z,Jane ngina,196,2,1,PT1M1S,0.0011359882228159756,0.0013029315960912053,0.003257328990228013,0.0014959251812465889
eVGKgY0KkkM,"""Real Housewives Nairobi""",MEET THE NEW WIVES JOINING THE REAL HOUSEWIVES OF NAIROBI FOR SEASON 2 | TRAILER IS SUPER HOT 🔥,MEET THE NEW WIVES JOINING THE REAL HOUSEWIVES OF NAIROBI FOR SEASON 2 | TRAILER IS SUPER HOT 🔥 #therealhousewifeofstandupcomedy ##TheRealHousewivesOfNairobi ##VeraSidika,2024-04-17T19:15:50Z,Dennis Milimo,288,2,0,PT3M4S,0.0016692071845459235,0.0013029315960912053,0.0,0.0013272572097503554
7I-buxRrAak,RHONairobi reunion,Real Housewives of Nairobi Part 1 Reunion| Recap: Minne reads Susan to pieces,"The real housewives of Nairobi are back for their reunion! They came ready with a lot of drama.

Subscribe here for more videos: https://youtube.com/@Africanhousewivesphiliac

Join me as I do a recap of this season of #rhodurban and rhoabuja and other real housewives shows.

Follow me on IG here: Follow me on IG https://instagram.com/africanhousewivesphiliac?

Follow me on TikTok here www.tiktok.com/@realiteapearl


#rhonairobi #realhousewivesofnairobi #kenyantrends #eastafricasocialtv #nairobifashion #nairobihotgossip #nairobinews #realhousewivesofjohannesburg 
#realhousewivesofabuja #rhoabuja #showmax #realitytvreviews #realhousewives #bravotv #showmaxkenya #rhonairobireunion #realitytvpodcast #nairobifashion #nairobivlog #kenyanyoutuber #kenyanseries #verasidika #minnecayy #singlekiasi #susankittany #sonalmaherali #sonalsvlogs #realhousewivesofabuja #realhousewivesoflagos",2023-06-09T16:21:09Z,RealiTEA Pearl,367,0,0,PT11M48S,0.0021270799886401177,0.0,0.0,0.0012762479931840707
pn6Z65JN4X8,"""Real Housewives of Nairobi""",THE REAL HOUSEWIVES OF NAIROBI.           #verasidika #showmax #kenyanmovies,"The Real Housewives of Nairobi will follow five dynamic women as they navigate their lavish lifestyles, relationships and careers in Kenya's capital, Nairobi. These women include Susan Kaittany, Vera Sidika, Sonal Maherali, Minne Kariuki, and Lisa Christoffersen.",2023-05-22T11:12:51Z,KEZYLEY,80,6,0,PT1M26S,0.00046366866237386765,0.003908794788273616,0.0,0.0012553998944927246
l1eYZAZH6Cs,RHONairobi trailer,REAL HOUSEWIVES OF NAIROBI CAST LISA CHRISTOFFERSEN ARRIVES IN A RALLY CAR AT THE LAUNCH,"REAL HOUSEWIVES OF NAIROBI CAST LISA CHRISTOFFERSEN ARRIVES IN A RALLY CAR AT THE LAUNCH
#rhonairobi #lisa",2023-02-23T08:57:16Z,Dennis Milimo,118,4,0,PT4M45S,0.0006839112770014548,0.0026058631921824105,0.0,0.0010618125642464756
1NgnksLBCeg,RHONairobi trailer,THE REAL HOUSEWIVES OF NAIROBI OFFICIAL TRAILER💥💥,,2023-02-23T17:27:27Z,Peter Nzeki Tv,124,3,0,PT52S,0.0007186864266794949,0.001954397394136808,0.0,0.0009198112045418988
R6mEceQ0haw,RHONairobi trailer,Real housewives of Nairobi Official trailer #showmax #trending,OFFICIAL TRAILER REAL HOUSEWIVES OF NAIROBI showmax drama reality realitytv kenya#verasidika #minnekariuki#sonal#susan#lisa,2023-02-23T09:54:57Z,Talia Hadassa,29,2,1,PT43S,0.00016807989011052702,0.0013029315960912053,0.003257328990228013,0.0009151801816233195
oQ0_28pEpZE,RHONairobi episode,"Real Housewives of Nairobi: Episode 12 Recap, Minne accuses Dr Catherine of running escort service","#RHONairobi episode 12 marks the end of the season.
Sonal and Minne try to form a friendship, Susan treats Vera to a free Massage and Dr Catherine continues to defend herself over pimping claims.",2023-05-24T04:48:34Z,Buzz Central Kenya,253,0,0,PT11M47S,0.0014663521447573565,0.0,0.0,0.0008798112868544138
XfJyFoetu7s,RHONairobi,Vera Sidika shares her most vulnerable moments in the RHONairobi show,"Visit our website: https://nairobinews.nation.africa/
Like us on Facebook: https://www.facebook.com/NationNairobi
Follow us on Twitter: https://twitter.com/Nairobi_News",2023-03-07T07:59:08Z,Nairobi News,151,2,0,PT5M1S,0.0008751746002306751,0.0013029315960912053,0.0,0.0008508376591612063
j6WQhVgxzhI,"""Real Housewives of Nairobi""",@showmaxonline @THE REAL HOUSEWIVES OF NAIROBI.. VLOG #youtubeshorts #trendingshorts #lunch,,2023-03-29T19:16:56Z,PIKA NA DENNIS 👨‍🍳,232,0,0,PT16S,0.0013446391208842162,0.0,0.0,0.0008067834725305297
84oIUvPP9so,RHONairobi episode,"Real Housewives of Nairobi: Episode 11 Recap, Lisa and Minne fight, Dr Catherine to hook up Susan","#RHONairobi 
Ladies go for yoga, Dr Catherine promises to hook up Susan with a rich man.
Minne and Lisa figh and Susan celebrated 40th birthday in style.",2023-05-11T05:05:53Z,Buzz Central Kenya,170,1,0,PT11M52S,0.0009852959075444688,0.0006514657980456026,0.0,0.0007540439940380819
Ah3p8XuAZXY,RHONairobi episode,"RHONairobi Episode 7: Sonal Mental Health, Minne Attacks Sonal And Vera For Gossip.","After successful editions in Durban, Johannesburg, Cape Town, Lagos, and Abuja, the popular reality franchise The Real Housewives is finally coming to East Africa. The streaming service Showmax will air The Real Housewives of Nairobi on February 23, marking a potentially lucrative move for the platform as it expands the show's reach to different African countries and sets the stage for future seasons.

Fans of the show can expect to be entertained by the drama-filled lives of five Kenyan women drawn from media, entertainment, and entrepreneurship. As they orchestrate their own dynamic, they will follow the through-line and cues that have made the show such an obsessive watch.

Prduced by D&R Studios, this East African iteration is part of The Real Housewives franchise licensed as a format by NBCUniversal Formats. Get ready to be captivated by the cast members who are sure to hold our attention for weeks to come.

subscribe: https://youtube.com/@thegistwithloba_

Watch Episode 6: https://youtu.be/EifhdjWsGOc
Watch Episode 5: https://youtu.be/QYrvufBKfqg",2023-04-07T22:50:16Z,The Gist With Loba,101,2,0,PT8M45S,0.0005853816862470078,0.0013029315960912053,0.0,0.0006769619107710059
HDTbRhaFGJI,RHONairobi,we all need friends like these ☺️ #WhatToWatch #RHONairobi,,2023-04-13T07:53:22Z,TikTok Africa Official,121,1,0,PT41S,0.0007012988518404748,0.0006514657980456026,0.0,0.0005836457606156855
CySOoVdN8vc,"""Real Housewives of Nairobi""",The Real Housewives of Nairobi ( RHON) ep2,,2023-03-03T05:01:42Z,florence mwangi,97,1,0,PT48S,0.0005621982531283145,0.0006514657980456026,0.0,0.0005001854013883893
nfO8QLYMBgo,RHONairobi episode,was that a witchcraft brunch? or am I tripping? Watch the full episode #rhonairobi #rhon,,2023-04-17T18:15:07Z,Plus Wanga Princess (Sarah Mukabana),114,0,0,PT28S,0.0006607278438827614,0.0,0.0,0.00039643670632965683
JKRD1MXOw0I,RHONairobi,Get To Know The Cast Of Real Housewives Of Nairobi #youtube #rhonairobi #short,@bahatikenya @sautisol,2023-04-14T21:41:58Z,The Glam,25,1,0,PT2M30S,0.00014489645699183363,0.0006514657980456026,0.0,0.00024980432370650085
pBkmaB5p6Ik,"""Real Housewives of Nairobi""",THE REAL HOUSEWIVES OF NAIROBI BANNED,,2024-07-08T01:41:08Z,kenya news,40,0,0,PT57S,0.00023183433118693382,0.0,0.0,0.0001391005987121603
